"train","/home/wghong22/cellmap-segmentation-challenge/data/jrc_jurkat-1/jrc_jurkat-1.zarr","recon-1/em/fibsem-uint8","/home/wghong22/cellmap-segmentation-challenge/data/jrc_jurkat-1/jrc_jurkat-1.zarr","recon-1/labels/groundtruth/crop107/[endo,endo_lum,endo_mem]"
"train","/home/wghong22/cellmap-segmentation-challenge/data/jrc_jurkat-1/jrc_jurkat-1.zarr","recon-1/em/fibsem-uint8","/home/wghong22/cellmap-segmentation-challenge/data/jrc_jurkat-1/jrc_jurkat-1.zarr","recon-1/labels/groundtruth/crop93/[endo,endo_lum,endo_mem]"
"validate","/home/wghong22/cellmap-segmentation-challenge/data/jrc_jurkat-1/jrc_jurkat-1.zarr","recon-1/em/fibsem-uint8","/home/wghong22/cellmap-segmentation-challenge/data/jrc_jurkat-1/jrc_jurkat-1.zarr","recon-1/labels/groundtruth/crop182/[endo,endo_lum,endo_mem]"
"validate","/home/wghong22/cellmap-segmentation-challenge/data/jrc_jurkat-1/jrc_jurkat-1.zarr","recon-1/em/fibsem-uint8","/home/wghong22/cellmap-segmentation-challenge/data/jrc_jurkat-1/jrc_jurkat-1.zarr","recon-1/labels/groundtruth/crop92/[endo,endo_lum,endo_mem]"
"validate","/home/wghong22/cellmap-segmentation-challenge/data/jrc_jurkat-1/jrc_jurkat-1.zarr","recon-1/em/fibsem-uint8","/home/wghong22/cellmap-segmentation-challenge/data/jrc_jurkat-1/jrc_jurkat-1.zarr","recon-1/labels/groundtruth/crop47/[endo,endo_lum,endo_mem]"
"train","/home/wghong22/cellmap-segmentation-challenge/data/jrc_jurkat-1/jrc_jurkat-1.zarr","recon-1/em/fibsem-uint8","/home/wghong22/cellmap-segmentation-challenge/data/jrc_jurkat-1/jrc_jurkat-1.zarr","recon-1/labels/groundtruth/crop36/[endo,endo_lum,endo_mem]"
"train","/home/wghong22/cellmap-segmentation-challenge/data/jrc_jurkat-1/jrc_jurkat-1.zarr","recon-1/em/fibsem-uint8","/home/wghong22/cellmap-segmentation-challenge/data/jrc_jurkat-1/jrc_jurkat-1.zarr","recon-1/labels/groundtruth/crop66/[endo,endo_lum,endo_mem]"
"train","/home/wghong22/cellmap-segmentation-challenge/data/jrc_jurkat-1/jrc_jurkat-1.zarr","recon-1/em/fibsem-uint8","/home/wghong22/cellmap-segmentation-challenge/data/jrc_jurkat-1/jrc_jurkat-1.zarr","recon-1/labels/groundtruth/crop35/[endo,endo_lum,endo_mem]"
"validate","/home/wghong22/cellmap-segmentation-challenge/data/jrc_jurkat-1/jrc_jurkat-1.zarr","recon-1/em/fibsem-uint8","/home/wghong22/cellmap-segmentation-challenge/data/jrc_jurkat-1/jrc_jurkat-1.zarr","recon-1/labels/groundtruth/crop67/[endo,endo_lum,endo_mem]"
"train","/home/wghong22/cellmap-segmentation-challenge/data/jrc_jurkat-1/jrc_jurkat-1.zarr","recon-1/em/fibsem-uint8","/home/wghong22/cellmap-segmentation-challenge/data/jrc_jurkat-1/jrc_jurkat-1.zarr","recon-1/labels/groundtruth/crop126/[endo,endo_lum,endo_mem]"
"train","/home/wghong22/cellmap-segmentation-challenge/data/jrc_jurkat-1/jrc_jurkat-1.zarr","recon-1/em/fibsem-uint8","/home/wghong22/cellmap-segmentation-challenge/data/jrc_jurkat-1/jrc_jurkat-1.zarr","recon-1/labels/groundtruth/crop43/[endo,endo_lum,endo_mem]"
"train","/home/wghong22/cellmap-segmentation-challenge/data/jrc_jurkat-1/jrc_jurkat-1.zarr","recon-1/em/fibsem-uint8","/home/wghong22/cellmap-segmentation-challenge/data/jrc_jurkat-1/jrc_jurkat-1.zarr","recon-1/labels/groundtruth/crop37/[endo,endo_lum,endo_mem]"
"train","/home/wghong22/cellmap-segmentation-challenge/data/jrc_jurkat-1/jrc_jurkat-1.zarr","recon-1/em/fibsem-uint8","/home/wghong22/cellmap-segmentation-challenge/data/jrc_jurkat-1/jrc_jurkat-1.zarr","recon-1/labels/groundtruth/crop38/[endo,endo_lum,endo_mem]"
"train","/home/wghong22/cellmap-segmentation-challenge/data/jrc_jurkat-1/jrc_jurkat-1.zarr","recon-1/em/fibsem-uint8","/home/wghong22/cellmap-segmentation-challenge/data/jrc_jurkat-1/jrc_jurkat-1.zarr","recon-1/labels/groundtruth/crop68/[endo,endo_lum,endo_mem]"
"train","/home/wghong22/cellmap-segmentation-challenge/data/jrc_jurkat-1/jrc_jurkat-1.zarr","recon-1/em/fibsem-uint8","/home/wghong22/cellmap-segmentation-challenge/data/jrc_jurkat-1/jrc_jurkat-1.zarr","recon-1/labels/groundtruth/crop70/[endo,endo_lum,endo_mem]"
"train","/home/wghong22/cellmap-segmentation-challenge/data/jrc_jurkat-1/jrc_jurkat-1.zarr","recon-1/em/fibsem-uint8","/home/wghong22/cellmap-segmentation-challenge/data/jrc_jurkat-1/jrc_jurkat-1.zarr","recon-1/labels/groundtruth/crop112/[endo,endo_lum,endo_mem]"
"train","/home/wghong22/cellmap-segmentation-challenge/data/jrc_jurkat-1/jrc_jurkat-1.zarr","recon-1/em/fibsem-uint8","/home/wghong22/cellmap-segmentation-challenge/data/jrc_jurkat-1/jrc_jurkat-1.zarr","recon-1/labels/groundtruth/crop69/[endo,endo_lum,endo_mem]"
"train","/home/wghong22/cellmap-segmentation-challenge/data/jrc_jurkat-1/jrc_jurkat-1.zarr","recon-1/em/fibsem-uint8","/home/wghong22/cellmap-segmentation-challenge/data/jrc_jurkat-1/jrc_jurkat-1.zarr","recon-1/labels/groundtruth/crop71/[endo,endo_lum,endo_mem]"
"train","/home/wghong22/cellmap-segmentation-challenge/data/jrc_jurkat-1/jrc_jurkat-1.zarr","recon-1/em/fibsem-uint8","/home/wghong22/cellmap-segmentation-challenge/data/jrc_jurkat-1/jrc_jurkat-1.zarr","recon-1/labels/groundtruth/crop180/[endo,endo_lum,endo_mem]"
"train","/home/wghong22/cellmap-segmentation-challenge/data/jrc_jurkat-1/jrc_jurkat-1.zarr","recon-1/em/fibsem-uint8","/home/wghong22/cellmap-segmentation-challenge/data/jrc_jurkat-1/jrc_jurkat-1.zarr","recon-1/labels/groundtruth/crop91/[endo,endo_lum,endo_mem]"
"train","/home/wghong22/cellmap-segmentation-challenge/data/jrc_mus-liver-zon-2/jrc_mus-liver-zon-2.zarr","recon-1/em/fibsem-uint8","/home/wghong22/cellmap-segmentation-challenge/data/jrc_mus-liver-zon-2/jrc_mus-liver-zon-2.zarr","recon-1/labels/groundtruth/crop340/[endo,endo_lum,endo_mem]"
"train","/home/wghong22/cellmap-segmentation-challenge/data/jrc_mus-liver-zon-2/jrc_mus-liver-zon-2.zarr","recon-1/em/fibsem-uint8","/home/wghong22/cellmap-segmentation-challenge/data/jrc_mus-liver-zon-2/jrc_mus-liver-zon-2.zarr","recon-1/labels/groundtruth/crop370/[endo,endo_lum,endo_mem]"
"train","/home/wghong22/cellmap-segmentation-challenge/data/jrc_mus-liver-zon-2/jrc_mus-liver-zon-2.zarr","recon-1/em/fibsem-uint8","/home/wghong22/cellmap-segmentation-challenge/data/jrc_mus-liver-zon-2/jrc_mus-liver-zon-2.zarr","recon-1/labels/groundtruth/crop369/[endo,endo_lum,endo_mem]"
"train","/home/wghong22/cellmap-segmentation-challenge/data/jrc_mus-liver-zon-2/jrc_mus-liver-zon-2.zarr","recon-1/em/fibsem-uint8","/home/wghong22/cellmap-segmentation-challenge/data/jrc_mus-liver-zon-2/jrc_mus-liver-zon-2.zarr","recon-1/labels/groundtruth/crop376/[endo,endo_lum,endo_mem]"
"train","/home/wghong22/cellmap-segmentation-challenge/data/jrc_mus-liver-zon-2/jrc_mus-liver-zon-2.zarr","recon-1/em/fibsem-uint8","/home/wghong22/cellmap-segmentation-challenge/data/jrc_mus-liver-zon-2/jrc_mus-liver-zon-2.zarr","recon-1/labels/groundtruth/crop342/[endo,endo_lum,endo_mem]"
"train","/home/wghong22/cellmap-segmentation-challenge/data/jrc_mus-liver-zon-2/jrc_mus-liver-zon-2.zarr","recon-1/em/fibsem-uint8","/home/wghong22/cellmap-segmentation-challenge/data/jrc_mus-liver-zon-2/jrc_mus-liver-zon-2.zarr","recon-1/labels/groundtruth/crop341/[endo,endo_lum,endo_mem]"
"train","/home/wghong22/cellmap-segmentation-challenge/data/jrc_mus-liver-zon-2/jrc_mus-liver-zon-2.zarr","recon-1/em/fibsem-uint8","/home/wghong22/cellmap-segmentation-challenge/data/jrc_mus-liver-zon-2/jrc_mus-liver-zon-2.zarr","recon-1/labels/groundtruth/crop333/[endo,endo_lum,endo_mem]"
"train","/home/wghong22/cellmap-segmentation-challenge/data/jrc_mus-liver-zon-2/jrc_mus-liver-zon-2.zarr","recon-1/em/fibsem-uint8","/home/wghong22/cellmap-segmentation-challenge/data/jrc_mus-liver-zon-2/jrc_mus-liver-zon-2.zarr","recon-1/labels/groundtruth/crop368/[endo,endo_lum,endo_mem]"
"train","/home/wghong22/cellmap-segmentation-challenge/data/jrc_sum159-4/jrc_sum159-4.zarr","recon-1/em/fibsem-uint8","/home/wghong22/cellmap-segmentation-challenge/data/jrc_sum159-4/jrc_sum159-4.zarr","recon-1/labels/groundtruth/crop218/[endo,endo_lum,endo_mem]"
"train","/home/wghong22/cellmap-segmentation-challenge/data/jrc_sum159-4/jrc_sum159-4.zarr","recon-1/em/fibsem-uint8","/home/wghong22/cellmap-segmentation-challenge/data/jrc_sum159-4/jrc_sum159-4.zarr","recon-1/labels/groundtruth/crop189/[endo,endo_lum,endo_mem]"
"train","/home/wghong22/cellmap-segmentation-challenge/data/jrc_sum159-4/jrc_sum159-4.zarr","recon-1/em/fibsem-uint8","/home/wghong22/cellmap-segmentation-challenge/data/jrc_sum159-4/jrc_sum159-4.zarr","recon-1/labels/groundtruth/crop216/[endo,endo_lum,endo_mem]"
"train","/home/wghong22/cellmap-segmentation-challenge/data/jrc_sum159-4/jrc_sum159-4.zarr","recon-1/em/fibsem-uint8","/home/wghong22/cellmap-segmentation-challenge/data/jrc_sum159-4/jrc_sum159-4.zarr","recon-1/labels/groundtruth/crop203/[endo,endo_lum,endo_mem]"
"train","/home/wghong22/cellmap-segmentation-challenge/data/jrc_sum159-4/jrc_sum159-4.zarr","recon-1/em/fibsem-uint8","/home/wghong22/cellmap-segmentation-challenge/data/jrc_sum159-4/jrc_sum159-4.zarr","recon-1/labels/groundtruth/crop206/[endo,endo_lum,endo_mem]"
"train","/home/wghong22/cellmap-segmentation-challenge/data/jrc_sum159-4/jrc_sum159-4.zarr","recon-1/em/fibsem-uint8","/home/wghong22/cellmap-segmentation-challenge/data/jrc_sum159-4/jrc_sum159-4.zarr","recon-1/labels/groundtruth/crop208/[endo,endo_lum,endo_mem]"
"train","/home/wghong22/cellmap-segmentation-challenge/data/jrc_sum159-4/jrc_sum159-4.zarr","recon-1/em/fibsem-uint8","/home/wghong22/cellmap-segmentation-challenge/data/jrc_sum159-4/jrc_sum159-4.zarr","recon-1/labels/groundtruth/crop213/[endo,endo_lum,endo_mem]"
"train","/home/wghong22/cellmap-segmentation-challenge/data/jrc_sum159-4/jrc_sum159-4.zarr","recon-1/em/fibsem-uint8","/home/wghong22/cellmap-segmentation-challenge/data/jrc_sum159-4/jrc_sum159-4.zarr","recon-1/labels/groundtruth/crop217/[endo,endo_lum,endo_mem]"
"validate","/home/wghong22/cellmap-segmentation-challenge/data/jrc_sum159-4/jrc_sum159-4.zarr","recon-1/em/fibsem-uint8","/home/wghong22/cellmap-segmentation-challenge/data/jrc_sum159-4/jrc_sum159-4.zarr","recon-1/labels/groundtruth/crop219/[endo,endo_lum,endo_mem]"
"train","/home/wghong22/cellmap-segmentation-challenge/data/jrc_sum159-4/jrc_sum159-4.zarr","recon-1/em/fibsem-uint8","/home/wghong22/cellmap-segmentation-challenge/data/jrc_sum159-4/jrc_sum159-4.zarr","recon-1/labels/groundtruth/crop202/[endo,endo_lum,endo_mem]"
"validate","/home/wghong22/cellmap-segmentation-challenge/data/jrc_sum159-4/jrc_sum159-4.zarr","recon-1/em/fibsem-uint8","/home/wghong22/cellmap-segmentation-challenge/data/jrc_sum159-4/jrc_sum159-4.zarr","recon-1/labels/groundtruth/crop210/[endo,endo_lum,endo_mem]"
"validate","/home/wghong22/cellmap-segmentation-challenge/data/jrc_sum159-4/jrc_sum159-4.zarr","recon-1/em/fibsem-uint8","/home/wghong22/cellmap-segmentation-challenge/data/jrc_sum159-4/jrc_sum159-4.zarr","recon-1/labels/groundtruth/crop209/[endo,endo_lum,endo_mem]"
"validate","/home/wghong22/cellmap-segmentation-challenge/data/jrc_sum159-4/jrc_sum159-4.zarr","recon-1/em/fibsem-uint8","/home/wghong22/cellmap-segmentation-challenge/data/jrc_sum159-4/jrc_sum159-4.zarr","recon-1/labels/groundtruth/crop186/[endo,endo_lum,endo_mem]"
"train","/home/wghong22/cellmap-segmentation-challenge/data/jrc_sum159-4/jrc_sum159-4.zarr","recon-1/em/fibsem-uint8","/home/wghong22/cellmap-segmentation-challenge/data/jrc_sum159-4/jrc_sum159-4.zarr","recon-1/labels/groundtruth/crop187/[endo,endo_lum,endo_mem]"
"train","/home/wghong22/cellmap-segmentation-challenge/data/jrc_sum159-4/jrc_sum159-4.zarr","recon-1/em/fibsem-uint8","/home/wghong22/cellmap-segmentation-challenge/data/jrc_sum159-4/jrc_sum159-4.zarr","recon-1/labels/groundtruth/crop212/[endo,endo_lum,endo_mem]"
"validate","/home/wghong22/cellmap-segmentation-challenge/data/jrc_sum159-4/jrc_sum159-4.zarr","recon-1/em/fibsem-uint8","/home/wghong22/cellmap-segmentation-challenge/data/jrc_sum159-4/jrc_sum159-4.zarr","recon-1/labels/groundtruth/crop201/[endo,endo_lum,endo_mem]"
"train","/home/wghong22/cellmap-segmentation-challenge/data/jrc_sum159-4/jrc_sum159-4.zarr","recon-1/em/fibsem-uint8","/home/wghong22/cellmap-segmentation-challenge/data/jrc_sum159-4/jrc_sum159-4.zarr","recon-1/labels/groundtruth/crop188/[endo,endo_lum,endo_mem]"
"train","/home/wghong22/cellmap-segmentation-challenge/data/jrc_mus-kidney/jrc_mus-kidney.zarr","recon-1/em/fibsem-uint8","/home/wghong22/cellmap-segmentation-challenge/data/jrc_mus-kidney/jrc_mus-kidney.zarr","recon-1/labels/groundtruth/crop140/[endo,endo_lum,endo_mem]"
"train","/home/wghong22/cellmap-segmentation-challenge/data/jrc_mus-kidney/jrc_mus-kidney.zarr","recon-1/em/fibsem-uint8","/home/wghong22/cellmap-segmentation-challenge/data/jrc_mus-kidney/jrc_mus-kidney.zarr","recon-1/labels/groundtruth/crop158/[endo,endo_lum,endo_mem]"
"validate","/home/wghong22/cellmap-segmentation-challenge/data/jrc_mus-kidney/jrc_mus-kidney.zarr","recon-1/em/fibsem-uint8","/home/wghong22/cellmap-segmentation-challenge/data/jrc_mus-kidney/jrc_mus-kidney.zarr","recon-1/labels/groundtruth/crop148/[endo,endo_lum,endo_mem]"
"train","/home/wghong22/cellmap-segmentation-challenge/data/jrc_mus-kidney/jrc_mus-kidney.zarr","recon-1/em/fibsem-uint8","/home/wghong22/cellmap-segmentation-challenge/data/jrc_mus-kidney/jrc_mus-kidney.zarr","recon-1/labels/groundtruth/crop149/[endo,endo_lum,endo_mem]"
"train","/home/wghong22/cellmap-segmentation-challenge/data/jrc_mus-kidney/jrc_mus-kidney.zarr","recon-1/em/fibsem-uint8","/home/wghong22/cellmap-segmentation-challenge/data/jrc_mus-kidney/jrc_mus-kidney.zarr","recon-1/labels/groundtruth/crop129/[endo,endo_lum,endo_mem]"
"train","/home/wghong22/cellmap-segmentation-challenge/data/jrc_mus-kidney/jrc_mus-kidney.zarr","recon-1/em/fibsem-uint8","/home/wghong22/cellmap-segmentation-challenge/data/jrc_mus-kidney/jrc_mus-kidney.zarr","recon-1/labels/groundtruth/crop141/[endo,endo_lum,endo_mem]"
"train","/home/wghong22/cellmap-segmentation-challenge/data/jrc_mus-kidney/jrc_mus-kidney.zarr","recon-1/em/fibsem-uint8","/home/wghong22/cellmap-segmentation-challenge/data/jrc_mus-kidney/jrc_mus-kidney.zarr","recon-1/labels/groundtruth/crop164/[endo,endo_lum,endo_mem]"
"train","/home/wghong22/cellmap-segmentation-challenge/data/jrc_mus-kidney/jrc_mus-kidney.zarr","recon-1/em/fibsem-uint8","/home/wghong22/cellmap-segmentation-challenge/data/jrc_mus-kidney/jrc_mus-kidney.zarr","recon-1/labels/groundtruth/crop161/[endo,endo_lum,endo_mem]"
"train","/home/wghong22/cellmap-segmentation-challenge/data/jrc_mus-kidney/jrc_mus-kidney.zarr","recon-1/em/fibsem-uint8","/home/wghong22/cellmap-segmentation-challenge/data/jrc_mus-kidney/jrc_mus-kidney.zarr","recon-1/labels/groundtruth/crop163/[endo,endo_lum,endo_mem]"
"train","/home/wghong22/cellmap-segmentation-challenge/data/jrc_mus-kidney/jrc_mus-kidney.zarr","recon-1/em/fibsem-uint8","/home/wghong22/cellmap-segmentation-challenge/data/jrc_mus-kidney/jrc_mus-kidney.zarr","recon-1/labels/groundtruth/crop159/[endo,endo_lum,endo_mem]"
"train","/home/wghong22/cellmap-segmentation-challenge/data/jrc_mus-kidney/jrc_mus-kidney.zarr","recon-1/em/fibsem-uint8","/home/wghong22/cellmap-segmentation-challenge/data/jrc_mus-kidney/jrc_mus-kidney.zarr","recon-1/labels/groundtruth/crop165/[endo,endo_lum,endo_mem]"
"train","/home/wghong22/cellmap-segmentation-challenge/data/jrc_mus-kidney/jrc_mus-kidney.zarr","recon-1/em/fibsem-uint8","/home/wghong22/cellmap-segmentation-challenge/data/jrc_mus-kidney/jrc_mus-kidney.zarr","recon-1/labels/groundtruth/crop156/[endo,endo_lum,endo_mem]"
"train","/home/wghong22/cellmap-segmentation-challenge/data/jrc_mus-kidney/jrc_mus-kidney.zarr","recon-1/em/fibsem-uint8","/home/wghong22/cellmap-segmentation-challenge/data/jrc_mus-kidney/jrc_mus-kidney.zarr","recon-1/labels/groundtruth/crop166/[endo,endo_lum,endo_mem]"
"train","/home/wghong22/cellmap-segmentation-challenge/data/jrc_mus-kidney/jrc_mus-kidney.zarr","recon-1/em/fibsem-uint8","/home/wghong22/cellmap-segmentation-challenge/data/jrc_mus-kidney/jrc_mus-kidney.zarr","recon-1/labels/groundtruth/crop162/[endo,endo_lum,endo_mem]"
"train","/home/wghong22/cellmap-segmentation-challenge/data/jrc_mus-kidney/jrc_mus-kidney.zarr","recon-1/em/fibsem-uint8","/home/wghong22/cellmap-segmentation-challenge/data/jrc_mus-kidney/jrc_mus-kidney.zarr","recon-1/labels/groundtruth/crop160/[endo,endo_lum,endo_mem]"
"train","/home/wghong22/cellmap-segmentation-challenge/data/jrc_mus-kidney/jrc_mus-kidney.zarr","recon-1/em/fibsem-uint8","/home/wghong22/cellmap-segmentation-challenge/data/jrc_mus-kidney/jrc_mus-kidney.zarr","recon-1/labels/groundtruth/crop147/[endo,endo_lum,endo_mem]"
"train","/home/wghong22/cellmap-segmentation-challenge/data/jrc_mus-kidney/jrc_mus-kidney.zarr","recon-1/em/fibsem-uint8","/home/wghong22/cellmap-segmentation-challenge/data/jrc_mus-kidney/jrc_mus-kidney.zarr","recon-1/labels/groundtruth/crop146/[endo,endo_lum,endo_mem]"
"train","/home/wghong22/cellmap-segmentation-challenge/data/jrc_hela-3/jrc_hela-3.zarr","recon-1/em/fibsem-uint8","/home/wghong22/cellmap-segmentation-challenge/data/jrc_hela-3/jrc_hela-3.zarr","recon-1/labels/groundtruth/crop85/[endo,endo_lum,endo_mem]"
"train","/home/wghong22/cellmap-segmentation-challenge/data/jrc_hela-3/jrc_hela-3.zarr","recon-1/em/fibsem-uint8","/home/wghong22/cellmap-segmentation-challenge/data/jrc_hela-3/jrc_hela-3.zarr","recon-1/labels/groundtruth/crop61/[endo,endo_lum,endo_mem]"
"train","/home/wghong22/cellmap-segmentation-challenge/data/jrc_hela-3/jrc_hela-3.zarr","recon-1/em/fibsem-uint8","/home/wghong22/cellmap-segmentation-challenge/data/jrc_hela-3/jrc_hela-3.zarr","recon-1/labels/groundtruth/crop63/[endo,endo_lum,endo_mem]"
"train","/home/wghong22/cellmap-segmentation-challenge/data/jrc_hela-3/jrc_hela-3.zarr","recon-1/em/fibsem-uint8","/home/wghong22/cellmap-segmentation-challenge/data/jrc_hela-3/jrc_hela-3.zarr","recon-1/labels/groundtruth/crop101/[endo,endo_lum,endo_mem]"
"train","/home/wghong22/cellmap-segmentation-challenge/data/jrc_hela-3/jrc_hela-3.zarr","recon-1/em/fibsem-uint8","/home/wghong22/cellmap-segmentation-challenge/data/jrc_hela-3/jrc_hela-3.zarr","recon-1/labels/groundtruth/crop64/[endo,endo_lum,endo_mem]"
"train","/home/wghong22/cellmap-segmentation-challenge/data/jrc_hela-3/jrc_hela-3.zarr","recon-1/em/fibsem-uint8","/home/wghong22/cellmap-segmentation-challenge/data/jrc_hela-3/jrc_hela-3.zarr","recon-1/labels/groundtruth/crop86/[endo,endo_lum,endo_mem]"
"train","/home/wghong22/cellmap-segmentation-challenge/data/jrc_hela-3/jrc_hela-3.zarr","recon-1/em/fibsem-uint8","/home/wghong22/cellmap-segmentation-challenge/data/jrc_hela-3/jrc_hela-3.zarr","recon-1/labels/groundtruth/crop111/[endo,endo_lum,endo_mem]"
"train","/home/wghong22/cellmap-segmentation-challenge/data/jrc_hela-3/jrc_hela-3.zarr","recon-1/em/fibsem-uint8","/home/wghong22/cellmap-segmentation-challenge/data/jrc_hela-3/jrc_hela-3.zarr","recon-1/labels/groundtruth/crop181/[endo,endo_lum,endo_mem]"
"train","/home/wghong22/cellmap-segmentation-challenge/data/jrc_hela-3/jrc_hela-3.zarr","recon-1/em/fibsem-uint8","/home/wghong22/cellmap-segmentation-challenge/data/jrc_hela-3/jrc_hela-3.zarr","recon-1/labels/groundtruth/crop60/[endo,endo_lum,endo_mem]"
"train","/home/wghong22/cellmap-segmentation-challenge/data/jrc_hela-3/jrc_hela-3.zarr","recon-1/em/fibsem-uint8","/home/wghong22/cellmap-segmentation-challenge/data/jrc_hela-3/jrc_hela-3.zarr","recon-1/labels/groundtruth/crop87/[endo,endo_lum,endo_mem]"
"train","/home/wghong22/cellmap-segmentation-challenge/data/jrc_hela-3/jrc_hela-3.zarr","recon-1/em/fibsem-uint8","/home/wghong22/cellmap-segmentation-challenge/data/jrc_hela-3/jrc_hela-3.zarr","recon-1/labels/groundtruth/crop62/[endo,endo_lum,endo_mem]"
"train","/home/wghong22/cellmap-segmentation-challenge/data/jrc_hela-3/jrc_hela-3.zarr","recon-1/em/fibsem-uint8","/home/wghong22/cellmap-segmentation-challenge/data/jrc_hela-3/jrc_hela-3.zarr","recon-1/labels/groundtruth/crop34/[endo,endo_lum,endo_mem]"
"train","/home/wghong22/cellmap-segmentation-challenge/data/jrc_hela-3/jrc_hela-3.zarr","recon-1/em/fibsem-uint8","/home/wghong22/cellmap-segmentation-challenge/data/jrc_hela-3/jrc_hela-3.zarr","recon-1/labels/groundtruth/crop50/[endo,endo_lum,endo_mem]"
"train","/home/wghong22/cellmap-segmentation-challenge/data/jrc_hela-3/jrc_hela-3.zarr","recon-1/em/fibsem-uint8","/home/wghong22/cellmap-segmentation-challenge/data/jrc_hela-3/jrc_hela-3.zarr","recon-1/labels/groundtruth/crop65/[endo,endo_lum,endo_mem]"
"train","/home/wghong22/cellmap-segmentation-challenge/data/jrc_hela-3/jrc_hela-3.zarr","recon-1/em/fibsem-uint8","/home/wghong22/cellmap-segmentation-challenge/data/jrc_hela-3/jrc_hela-3.zarr","recon-1/labels/groundtruth/crop33/[endo,endo_lum,endo_mem]"
"train","/home/wghong22/cellmap-segmentation-challenge/data/jrc_hela-3/jrc_hela-3.zarr","recon-1/em/fibsem-uint8","/home/wghong22/cellmap-segmentation-challenge/data/jrc_hela-3/jrc_hela-3.zarr","recon-1/labels/groundtruth/crop27/[endo,endo_lum,endo_mem]"
"validate","/home/wghong22/cellmap-segmentation-challenge/data/jrc_hela-3/jrc_hela-3.zarr","recon-1/em/fibsem-uint8","/home/wghong22/cellmap-segmentation-challenge/data/jrc_hela-3/jrc_hela-3.zarr","recon-1/labels/groundtruth/crop51/[endo,endo_lum,endo_mem]"
"validate","/home/wghong22/cellmap-segmentation-challenge/data/jrc_cos7-1a/jrc_cos7-1a.zarr","recon-1/em/fibsem-uint8","/home/wghong22/cellmap-segmentation-challenge/data/jrc_cos7-1a/jrc_cos7-1a.zarr","recon-1/labels/groundtruth/crop252/[endo,endo_lum,endo_mem]"
"validate","/home/wghong22/cellmap-segmentation-challenge/data/jrc_cos7-1a/jrc_cos7-1a.zarr","recon-1/em/fibsem-uint8","/home/wghong22/cellmap-segmentation-challenge/data/jrc_cos7-1a/jrc_cos7-1a.zarr","recon-1/labels/groundtruth/crop243/[endo,endo_lum,endo_mem]"
"train","/home/wghong22/cellmap-segmentation-challenge/data/jrc_cos7-1a/jrc_cos7-1a.zarr","recon-1/em/fibsem-uint8","/home/wghong22/cellmap-segmentation-challenge/data/jrc_cos7-1a/jrc_cos7-1a.zarr","recon-1/labels/groundtruth/crop256/[endo,endo_lum,endo_mem]"
"train","/home/wghong22/cellmap-segmentation-challenge/data/jrc_cos7-1a/jrc_cos7-1a.zarr","recon-1/em/fibsem-uint8","/home/wghong22/cellmap-segmentation-challenge/data/jrc_cos7-1a/jrc_cos7-1a.zarr","recon-1/labels/groundtruth/crop237/[endo,endo_lum,endo_mem]"
"train","/home/wghong22/cellmap-segmentation-challenge/data/jrc_cos7-1a/jrc_cos7-1a.zarr","recon-1/em/fibsem-uint8","/home/wghong22/cellmap-segmentation-challenge/data/jrc_cos7-1a/jrc_cos7-1a.zarr","recon-1/labels/groundtruth/crop236/[endo,endo_lum,endo_mem]"
"train","/home/wghong22/cellmap-segmentation-challenge/data/jrc_cos7-1a/jrc_cos7-1a.zarr","recon-1/em/fibsem-uint8","/home/wghong22/cellmap-segmentation-challenge/data/jrc_cos7-1a/jrc_cos7-1a.zarr","recon-1/labels/groundtruth/crop292/[endo,endo_lum,endo_mem]"
"train","/home/wghong22/cellmap-segmentation-challenge/data/jrc_cos7-1a/jrc_cos7-1a.zarr","recon-1/em/fibsem-uint8","/home/wghong22/cellmap-segmentation-challenge/data/jrc_cos7-1a/jrc_cos7-1a.zarr","recon-1/labels/groundtruth/crop234/[endo,endo_lum,endo_mem]"
"train","/home/wghong22/cellmap-segmentation-challenge/data/jrc_cos7-1a/jrc_cos7-1a.zarr","recon-1/em/fibsem-uint8","/home/wghong22/cellmap-segmentation-challenge/data/jrc_cos7-1a/jrc_cos7-1a.zarr","recon-1/labels/groundtruth/crop248/[endo,endo_lum,endo_mem]"
"train","/home/wghong22/cellmap-segmentation-challenge/data/jrc_cos7-1a/jrc_cos7-1a.zarr","recon-1/em/fibsem-uint8","/home/wghong22/cellmap-segmentation-challenge/data/jrc_cos7-1a/jrc_cos7-1a.zarr","recon-1/labels/groundtruth/crop239/[endo,endo_lum,endo_mem]"
"train","/home/wghong22/cellmap-segmentation-challenge/data/jrc_cos7-1a/jrc_cos7-1a.zarr","recon-1/em/fibsem-uint8","/home/wghong22/cellmap-segmentation-challenge/data/jrc_cos7-1a/jrc_cos7-1a.zarr","recon-1/labels/groundtruth/crop254/[endo,endo_lum,endo_mem]"
"train","/home/wghong22/cellmap-segmentation-challenge/data/jrc_ctl-id8-1/jrc_ctl-id8-1.zarr","recon-1/em/fibsem-uint8","/home/wghong22/cellmap-segmentation-challenge/data/jrc_ctl-id8-1/jrc_ctl-id8-1.zarr","recon-1/labels/groundtruth/crop117/[endo,endo_lum,endo_mem]"
"train","/home/wghong22/cellmap-segmentation-challenge/data/jrc_ctl-id8-1/jrc_ctl-id8-1.zarr","recon-1/em/fibsem-uint8","/home/wghong22/cellmap-segmentation-challenge/data/jrc_ctl-id8-1/jrc_ctl-id8-1.zarr","recon-1/labels/groundtruth/crop118/[endo,endo_lum,endo_mem]"
"train","/home/wghong22/cellmap-segmentation-challenge/data/jrc_ctl-id8-1/jrc_ctl-id8-1.zarr","recon-1/em/fibsem-uint8","/home/wghong22/cellmap-segmentation-challenge/data/jrc_ctl-id8-1/jrc_ctl-id8-1.zarr","recon-1/labels/groundtruth/crop119/[endo,endo_lum,endo_mem]"
"train","/home/wghong22/cellmap-segmentation-challenge/data/jrc_ctl-id8-1/jrc_ctl-id8-1.zarr","recon-1/em/fibsem-uint8","/home/wghong22/cellmap-segmentation-challenge/data/jrc_ctl-id8-1/jrc_ctl-id8-1.zarr","recon-1/labels/groundtruth/crop130/[endo,endo_lum,endo_mem]"
"train","/home/wghong22/cellmap-segmentation-challenge/data/jrc_ctl-id8-1/jrc_ctl-id8-1.zarr","recon-1/em/fibsem-uint8","/home/wghong22/cellmap-segmentation-challenge/data/jrc_ctl-id8-1/jrc_ctl-id8-1.zarr","recon-1/labels/groundtruth/crop116/[endo,endo_lum,endo_mem]"
"train","/home/wghong22/cellmap-segmentation-challenge/data/jrc_ut21-1413-003/jrc_ut21-1413-003.zarr","recon-1/em/fibsem-uint8","/home/wghong22/cellmap-segmentation-challenge/data/jrc_ut21-1413-003/jrc_ut21-1413-003.zarr","recon-1/labels/groundtruth/crop197/[endo,endo_lum,endo_mem]"
"train","/home/wghong22/cellmap-segmentation-challenge/data/jrc_ut21-1413-003/jrc_ut21-1413-003.zarr","recon-1/em/fibsem-uint8","/home/wghong22/cellmap-segmentation-challenge/data/jrc_ut21-1413-003/jrc_ut21-1413-003.zarr","recon-1/labels/groundtruth/crop196/[endo,endo_lum,endo_mem]"
"train","/home/wghong22/cellmap-segmentation-challenge/data/jrc_ut21-1413-003/jrc_ut21-1413-003.zarr","recon-1/em/fibsem-uint8","/home/wghong22/cellmap-segmentation-challenge/data/jrc_ut21-1413-003/jrc_ut21-1413-003.zarr","recon-1/labels/groundtruth/crop225/[endo,endo_lum,endo_mem]"
"train","/home/wghong22/cellmap-segmentation-challenge/data/jrc_ut21-1413-003/jrc_ut21-1413-003.zarr","recon-1/em/fibsem-uint8","/home/wghong22/cellmap-segmentation-challenge/data/jrc_ut21-1413-003/jrc_ut21-1413-003.zarr","recon-1/labels/groundtruth/crop190/[endo,endo_lum,endo_mem]"
"train","/home/wghong22/cellmap-segmentation-challenge/data/jrc_ut21-1413-003/jrc_ut21-1413-003.zarr","recon-1/em/fibsem-uint8","/home/wghong22/cellmap-segmentation-challenge/data/jrc_ut21-1413-003/jrc_ut21-1413-003.zarr","recon-1/labels/groundtruth/crop222/[endo,endo_lum,endo_mem]"
"train","/home/wghong22/cellmap-segmentation-challenge/data/jrc_ut21-1413-003/jrc_ut21-1413-003.zarr","recon-1/em/fibsem-uint8","/home/wghong22/cellmap-segmentation-challenge/data/jrc_ut21-1413-003/jrc_ut21-1413-003.zarr","recon-1/labels/groundtruth/crop220/[endo,endo_lum,endo_mem]"
"train","/home/wghong22/cellmap-segmentation-challenge/data/jrc_ut21-1413-003/jrc_ut21-1413-003.zarr","recon-1/em/fibsem-uint8","/home/wghong22/cellmap-segmentation-challenge/data/jrc_ut21-1413-003/jrc_ut21-1413-003.zarr","recon-1/labels/groundtruth/crop226/[endo,endo_lum,endo_mem]"
"train","/home/wghong22/cellmap-segmentation-challenge/data/jrc_ut21-1413-003/jrc_ut21-1413-003.zarr","recon-1/em/fibsem-uint8","/home/wghong22/cellmap-segmentation-challenge/data/jrc_ut21-1413-003/jrc_ut21-1413-003.zarr","recon-1/labels/groundtruth/crop193/[endo,endo_lum,endo_mem]"
"train","/home/wghong22/cellmap-segmentation-challenge/data/jrc_ut21-1413-003/jrc_ut21-1413-003.zarr","recon-1/em/fibsem-uint8","/home/wghong22/cellmap-segmentation-challenge/data/jrc_ut21-1413-003/jrc_ut21-1413-003.zarr","recon-1/labels/groundtruth/crop200/[endo,endo_lum,endo_mem]"
"train","/home/wghong22/cellmap-segmentation-challenge/data/jrc_ut21-1413-003/jrc_ut21-1413-003.zarr","recon-1/em/fibsem-uint8","/home/wghong22/cellmap-segmentation-challenge/data/jrc_ut21-1413-003/jrc_ut21-1413-003.zarr","recon-1/labels/groundtruth/crop195/[endo,endo_lum,endo_mem]"
"train","/home/wghong22/cellmap-segmentation-challenge/data/jrc_ut21-1413-003/jrc_ut21-1413-003.zarr","recon-1/em/fibsem-uint8","/home/wghong22/cellmap-segmentation-challenge/data/jrc_ut21-1413-003/jrc_ut21-1413-003.zarr","recon-1/labels/groundtruth/crop199/[endo,endo_lum,endo_mem]"
"train","/home/wghong22/cellmap-segmentation-challenge/data/jrc_ut21-1413-003/jrc_ut21-1413-003.zarr","recon-1/em/fibsem-uint8","/home/wghong22/cellmap-segmentation-challenge/data/jrc_ut21-1413-003/jrc_ut21-1413-003.zarr","recon-1/labels/groundtruth/crop228/[endo,endo_lum,endo_mem]"
"train","/home/wghong22/cellmap-segmentation-challenge/data/jrc_ut21-1413-003/jrc_ut21-1413-003.zarr","recon-1/em/fibsem-uint8","/home/wghong22/cellmap-segmentation-challenge/data/jrc_ut21-1413-003/jrc_ut21-1413-003.zarr","recon-1/labels/groundtruth/crop214/[endo,endo_lum,endo_mem]"
"train","/home/wghong22/cellmap-segmentation-challenge/data/jrc_ut21-1413-003/jrc_ut21-1413-003.zarr","recon-1/em/fibsem-uint8","/home/wghong22/cellmap-segmentation-challenge/data/jrc_ut21-1413-003/jrc_ut21-1413-003.zarr","recon-1/labels/groundtruth/crop192/[endo,endo_lum,endo_mem]"
"train","/home/wghong22/cellmap-segmentation-challenge/data/jrc_ut21-1413-003/jrc_ut21-1413-003.zarr","recon-1/em/fibsem-uint8","/home/wghong22/cellmap-segmentation-challenge/data/jrc_ut21-1413-003/jrc_ut21-1413-003.zarr","recon-1/labels/groundtruth/crop198/[endo,endo_lum,endo_mem]"
"train","/home/wghong22/cellmap-segmentation-challenge/data/jrc_ut21-1413-003/jrc_ut21-1413-003.zarr","recon-1/em/fibsem-uint8","/home/wghong22/cellmap-segmentation-challenge/data/jrc_ut21-1413-003/jrc_ut21-1413-003.zarr","recon-1/labels/groundtruth/crop227/[endo,endo_lum,endo_mem]"
"train","/home/wghong22/cellmap-segmentation-challenge/data/jrc_ut21-1413-003/jrc_ut21-1413-003.zarr","recon-1/em/fibsem-uint8","/home/wghong22/cellmap-segmentation-challenge/data/jrc_ut21-1413-003/jrc_ut21-1413-003.zarr","recon-1/labels/groundtruth/crop224/[endo,endo_lum,endo_mem]"
"train","/home/wghong22/cellmap-segmentation-challenge/data/jrc_ut21-1413-003/jrc_ut21-1413-003.zarr","recon-1/em/fibsem-uint8","/home/wghong22/cellmap-segmentation-challenge/data/jrc_ut21-1413-003/jrc_ut21-1413-003.zarr","recon-1/labels/groundtruth/crop191/[endo,endo_lum,endo_mem]"
"train","/home/wghong22/cellmap-segmentation-challenge/data/jrc_fly-mb-1a/jrc_fly-mb-1a.zarr","recon-1/em/fibsem-uint8","/home/wghong22/cellmap-segmentation-challenge/data/jrc_fly-mb-1a/jrc_fly-mb-1a.zarr","recon-1/labels/groundtruth/crop178/[endo,endo_lum,endo_mem]"
"train","/home/wghong22/cellmap-segmentation-challenge/data/jrc_fly-mb-1a/jrc_fly-mb-1a.zarr","recon-1/em/fibsem-uint8","/home/wghong22/cellmap-segmentation-challenge/data/jrc_fly-mb-1a/jrc_fly-mb-1a.zarr","recon-1/labels/groundtruth/crop123/[endo,endo_lum,endo_mem]"
"train","/home/wghong22/cellmap-segmentation-challenge/data/jrc_fly-mb-1a/jrc_fly-mb-1a.zarr","recon-1/em/fibsem-uint8","/home/wghong22/cellmap-segmentation-challenge/data/jrc_fly-mb-1a/jrc_fly-mb-1a.zarr","recon-1/labels/groundtruth/crop120/[endo,endo_lum,endo_mem]"
"train","/home/wghong22/cellmap-segmentation-challenge/data/jrc_fly-mb-1a/jrc_fly-mb-1a.zarr","recon-1/em/fibsem-uint8","/home/wghong22/cellmap-segmentation-challenge/data/jrc_fly-mb-1a/jrc_fly-mb-1a.zarr","recon-1/labels/groundtruth/crop122/[endo,endo_lum,endo_mem]"
"train","/home/wghong22/cellmap-segmentation-challenge/data/jrc_fly-mb-1a/jrc_fly-mb-1a.zarr","recon-1/em/fibsem-uint8","/home/wghong22/cellmap-segmentation-challenge/data/jrc_fly-mb-1a/jrc_fly-mb-1a.zarr","recon-1/labels/groundtruth/crop121/[endo,endo_lum,endo_mem]"
"train","/home/wghong22/cellmap-segmentation-challenge/data/jrc_fly-mb-1a/jrc_fly-mb-1a.zarr","recon-1/em/fibsem-uint8","/home/wghong22/cellmap-segmentation-challenge/data/jrc_fly-mb-1a/jrc_fly-mb-1a.zarr","recon-1/labels/groundtruth/crop134/[endo,endo_lum,endo_mem]"
"train","/home/wghong22/cellmap-segmentation-challenge/data/jrc_mus-nacc-1/jrc_mus-nacc-1.zarr","recon-1/em/fibsem-uint8","/home/wghong22/cellmap-segmentation-challenge/data/jrc_mus-nacc-1/jrc_mus-nacc-1.zarr","recon-1/labels/groundtruth/crop115/[endo,endo_lum,endo_mem]"
"validate","/home/wghong22/cellmap-segmentation-challenge/data/jrc_mus-liver-zon-1/jrc_mus-liver-zon-1.zarr","recon-1/em/fibsem-uint8","/home/wghong22/cellmap-segmentation-challenge/data/jrc_mus-liver-zon-1/jrc_mus-liver-zon-1.zarr","recon-1/labels/groundtruth/crop267/[endo,endo_lum,endo_mem]"
"validate","/home/wghong22/cellmap-segmentation-challenge/data/jrc_mus-liver-zon-1/jrc_mus-liver-zon-1.zarr","recon-1/em/fibsem-uint8","/home/wghong22/cellmap-segmentation-challenge/data/jrc_mus-liver-zon-1/jrc_mus-liver-zon-1.zarr","recon-1/labels/groundtruth/crop270/[endo,endo_lum,endo_mem]"
"train","/home/wghong22/cellmap-segmentation-challenge/data/jrc_mus-liver-zon-1/jrc_mus-liver-zon-1.zarr","recon-1/em/fibsem-uint8","/home/wghong22/cellmap-segmentation-challenge/data/jrc_mus-liver-zon-1/jrc_mus-liver-zon-1.zarr","recon-1/labels/groundtruth/crop269/[endo,endo_lum,endo_mem]"
"train","/home/wghong22/cellmap-segmentation-challenge/data/jrc_mus-liver-zon-1/jrc_mus-liver-zon-1.zarr","recon-1/em/fibsem-uint8","/home/wghong22/cellmap-segmentation-challenge/data/jrc_mus-liver-zon-1/jrc_mus-liver-zon-1.zarr","recon-1/labels/groundtruth/crop326/[endo,endo_lum,endo_mem]"
"train","/home/wghong22/cellmap-segmentation-challenge/data/jrc_mus-liver-zon-1/jrc_mus-liver-zon-1.zarr","recon-1/em/fibsem-uint8","/home/wghong22/cellmap-segmentation-challenge/data/jrc_mus-liver-zon-1/jrc_mus-liver-zon-1.zarr","recon-1/labels/groundtruth/crop272/[endo,endo_lum,endo_mem]"
"train","/home/wghong22/cellmap-segmentation-challenge/data/jrc_mus-liver-zon-1/jrc_mus-liver-zon-1.zarr","recon-1/em/fibsem-uint8","/home/wghong22/cellmap-segmentation-challenge/data/jrc_mus-liver-zon-1/jrc_mus-liver-zon-1.zarr","recon-1/labels/groundtruth/crop320/[endo,endo_lum,endo_mem]"
"train","/home/wghong22/cellmap-segmentation-challenge/data/jrc_mus-liver-zon-1/jrc_mus-liver-zon-1.zarr","recon-1/em/fibsem-uint8","/home/wghong22/cellmap-segmentation-challenge/data/jrc_mus-liver-zon-1/jrc_mus-liver-zon-1.zarr","recon-1/labels/groundtruth/crop319/[endo,endo_lum,endo_mem]"
"train","/home/wghong22/cellmap-segmentation-challenge/data/jrc_mus-liver-zon-1/jrc_mus-liver-zon-1.zarr","recon-1/em/fibsem-uint8","/home/wghong22/cellmap-segmentation-challenge/data/jrc_mus-liver-zon-1/jrc_mus-liver-zon-1.zarr","recon-1/labels/groundtruth/crop277/[endo,endo_lum,endo_mem]"
"train","/home/wghong22/cellmap-segmentation-challenge/data/jrc_mus-liver-zon-1/jrc_mus-liver-zon-1.zarr","recon-1/em/fibsem-uint8","/home/wghong22/cellmap-segmentation-challenge/data/jrc_mus-liver-zon-1/jrc_mus-liver-zon-1.zarr","recon-1/labels/groundtruth/crop274/[endo,endo_lum,endo_mem]"
"train","/home/wghong22/cellmap-segmentation-challenge/data/jrc_mus-liver-zon-1/jrc_mus-liver-zon-1.zarr","recon-1/em/fibsem-uint8","/home/wghong22/cellmap-segmentation-challenge/data/jrc_mus-liver-zon-1/jrc_mus-liver-zon-1.zarr","recon-1/labels/groundtruth/crop278/[endo,endo_lum,endo_mem]"
"train","/home/wghong22/cellmap-segmentation-challenge/data/jrc_mus-liver-zon-1/jrc_mus-liver-zon-1.zarr","recon-1/em/fibsem-uint8","/home/wghong22/cellmap-segmentation-challenge/data/jrc_mus-liver-zon-1/jrc_mus-liver-zon-1.zarr","recon-1/labels/groundtruth/crop279/[endo,endo_lum,endo_mem]"
"validate","/home/wghong22/cellmap-segmentation-challenge/data/jrc_mus-liver-zon-1/jrc_mus-liver-zon-1.zarr","recon-1/em/fibsem-uint8","/home/wghong22/cellmap-segmentation-challenge/data/jrc_mus-liver-zon-1/jrc_mus-liver-zon-1.zarr","recon-1/labels/groundtruth/crop325/[endo,endo_lum,endo_mem]"
"train","/home/wghong22/cellmap-segmentation-challenge/data/jrc_mus-liver-zon-1/jrc_mus-liver-zon-1.zarr","recon-1/em/fibsem-uint8","/home/wghong22/cellmap-segmentation-challenge/data/jrc_mus-liver-zon-1/jrc_mus-liver-zon-1.zarr","recon-1/labels/groundtruth/crop275/[endo,endo_lum,endo_mem]"
"train","/home/wghong22/cellmap-segmentation-challenge/data/jrc_mus-liver-zon-1/jrc_mus-liver-zon-1.zarr","recon-1/em/fibsem-uint8","/home/wghong22/cellmap-segmentation-challenge/data/jrc_mus-liver-zon-1/jrc_mus-liver-zon-1.zarr","recon-1/labels/groundtruth/crop280/[endo,endo_lum,endo_mem]"
"train","/home/wghong22/cellmap-segmentation-challenge/data/jrc_mus-liver-zon-1/jrc_mus-liver-zon-1.zarr","recon-1/em/fibsem-uint8","/home/wghong22/cellmap-segmentation-challenge/data/jrc_mus-liver-zon-1/jrc_mus-liver-zon-1.zarr","recon-1/labels/groundtruth/crop313/[endo,endo_lum,endo_mem]"
"train","/home/wghong22/cellmap-segmentation-challenge/data/jrc_mus-liver-zon-1/jrc_mus-liver-zon-1.zarr","recon-1/em/fibsem-uint8","/home/wghong22/cellmap-segmentation-challenge/data/jrc_mus-liver-zon-1/jrc_mus-liver-zon-1.zarr","recon-1/labels/groundtruth/crop273/[endo,endo_lum,endo_mem]"
"train","/home/wghong22/cellmap-segmentation-challenge/data/jrc_mus-liver-zon-1/jrc_mus-liver-zon-1.zarr","recon-1/em/fibsem-uint8","/home/wghong22/cellmap-segmentation-challenge/data/jrc_mus-liver-zon-1/jrc_mus-liver-zon-1.zarr","recon-1/labels/groundtruth/crop276/[endo,endo_lum,endo_mem]"
"train","/home/wghong22/cellmap-segmentation-challenge/data/jrc_mus-liver-zon-1/jrc_mus-liver-zon-1.zarr","recon-1/em/fibsem-uint8","/home/wghong22/cellmap-segmentation-challenge/data/jrc_mus-liver-zon-1/jrc_mus-liver-zon-1.zarr","recon-1/labels/groundtruth/crop268/[endo,endo_lum,endo_mem]"
"train","/home/wghong22/cellmap-segmentation-challenge/data/jrc_mus-liver-zon-1/jrc_mus-liver-zon-1.zarr","recon-1/em/fibsem-uint8","/home/wghong22/cellmap-segmentation-challenge/data/jrc_mus-liver-zon-1/jrc_mus-liver-zon-1.zarr","recon-1/labels/groundtruth/crop322/[endo,endo_lum,endo_mem]"
"train","/home/wghong22/cellmap-segmentation-challenge/data/jrc_mus-liver-zon-1/jrc_mus-liver-zon-1.zarr","recon-1/em/fibsem-uint8","/home/wghong22/cellmap-segmentation-challenge/data/jrc_mus-liver-zon-1/jrc_mus-liver-zon-1.zarr","recon-1/labels/groundtruth/crop298/[endo,endo_lum,endo_mem]"
"train","/home/wghong22/cellmap-segmentation-challenge/data/jrc_mus-liver-zon-1/jrc_mus-liver-zon-1.zarr","recon-1/em/fibsem-uint8","/home/wghong22/cellmap-segmentation-challenge/data/jrc_mus-liver-zon-1/jrc_mus-liver-zon-1.zarr","recon-1/labels/groundtruth/crop321/[endo,endo_lum,endo_mem]"
"train","/home/wghong22/cellmap-segmentation-challenge/data/jrc_mus-liver-zon-1/jrc_mus-liver-zon-1.zarr","recon-1/em/fibsem-uint8","/home/wghong22/cellmap-segmentation-challenge/data/jrc_mus-liver-zon-1/jrc_mus-liver-zon-1.zarr","recon-1/labels/groundtruth/crop266/[endo,endo_lum,endo_mem]"
"train","/home/wghong22/cellmap-segmentation-challenge/data/jrc_mus-liver-zon-1/jrc_mus-liver-zon-1.zarr","recon-1/em/fibsem-uint8","/home/wghong22/cellmap-segmentation-challenge/data/jrc_mus-liver-zon-1/jrc_mus-liver-zon-1.zarr","recon-1/labels/groundtruth/crop323/[endo,endo_lum,endo_mem]"
"train","/home/wghong22/cellmap-segmentation-challenge/data/jrc_mus-liver-zon-1/jrc_mus-liver-zon-1.zarr","recon-1/em/fibsem-uint8","/home/wghong22/cellmap-segmentation-challenge/data/jrc_mus-liver-zon-1/jrc_mus-liver-zon-1.zarr","recon-1/labels/groundtruth/crop377/[endo,endo_lum,endo_mem]"
"train","/home/wghong22/cellmap-segmentation-challenge/data/jrc_macrophage-2/jrc_macrophage-2.zarr","recon-1/em/fibsem-uint8","/home/wghong22/cellmap-segmentation-challenge/data/jrc_macrophage-2/jrc_macrophage-2.zarr","recon-1/labels/groundtruth/crop73/[endo,endo_lum,endo_mem]"
"train","/home/wghong22/cellmap-segmentation-challenge/data/jrc_macrophage-2/jrc_macrophage-2.zarr","recon-1/em/fibsem-uint8","/home/wghong22/cellmap-segmentation-challenge/data/jrc_macrophage-2/jrc_macrophage-2.zarr","recon-1/labels/groundtruth/crop48/[endo,endo_lum,endo_mem]"
"train","/home/wghong22/cellmap-segmentation-challenge/data/jrc_macrophage-2/jrc_macrophage-2.zarr","recon-1/em/fibsem-uint8","/home/wghong22/cellmap-segmentation-challenge/data/jrc_macrophage-2/jrc_macrophage-2.zarr","recon-1/labels/groundtruth/crop39/[endo,endo_lum,endo_mem]"
"train","/home/wghong22/cellmap-segmentation-challenge/data/jrc_macrophage-2/jrc_macrophage-2.zarr","recon-1/em/fibsem-uint8","/home/wghong22/cellmap-segmentation-challenge/data/jrc_macrophage-2/jrc_macrophage-2.zarr","recon-1/labels/groundtruth/crop74/[endo,endo_lum,endo_mem]"
"train","/home/wghong22/cellmap-segmentation-challenge/data/jrc_macrophage-2/jrc_macrophage-2.zarr","recon-1/em/fibsem-uint8","/home/wghong22/cellmap-segmentation-challenge/data/jrc_macrophage-2/jrc_macrophage-2.zarr","recon-1/labels/groundtruth/crop88/[endo,endo_lum,endo_mem]"
"train","/home/wghong22/cellmap-segmentation-challenge/data/jrc_macrophage-2/jrc_macrophage-2.zarr","recon-1/em/fibsem-uint8","/home/wghong22/cellmap-segmentation-challenge/data/jrc_macrophage-2/jrc_macrophage-2.zarr","recon-1/labels/groundtruth/crop40/[endo,endo_lum,endo_mem]"
"train","/home/wghong22/cellmap-segmentation-challenge/data/jrc_macrophage-2/jrc_macrophage-2.zarr","recon-1/em/fibsem-uint8","/home/wghong22/cellmap-segmentation-challenge/data/jrc_macrophage-2/jrc_macrophage-2.zarr","recon-1/labels/groundtruth/crop89/[endo,endo_lum,endo_mem]"
"train","/home/wghong22/cellmap-segmentation-challenge/data/jrc_macrophage-2/jrc_macrophage-2.zarr","recon-1/em/fibsem-uint8","/home/wghong22/cellmap-segmentation-challenge/data/jrc_macrophage-2/jrc_macrophage-2.zarr","recon-1/labels/groundtruth/crop31/[endo,endo_lum,endo_mem]"
"train","/home/wghong22/cellmap-segmentation-challenge/data/jrc_macrophage-2/jrc_macrophage-2.zarr","recon-1/em/fibsem-uint8","/home/wghong22/cellmap-segmentation-challenge/data/jrc_macrophage-2/jrc_macrophage-2.zarr","recon-1/labels/groundtruth/crop77/[endo,endo_lum,endo_mem]"
"train","/home/wghong22/cellmap-segmentation-challenge/data/jrc_macrophage-2/jrc_macrophage-2.zarr","recon-1/em/fibsem-uint8","/home/wghong22/cellmap-segmentation-challenge/data/jrc_macrophage-2/jrc_macrophage-2.zarr","recon-1/labels/groundtruth/crop76/[endo,endo_lum,endo_mem]"
"train","/home/wghong22/cellmap-segmentation-challenge/data/jrc_macrophage-2/jrc_macrophage-2.zarr","recon-1/em/fibsem-uint8","/home/wghong22/cellmap-segmentation-challenge/data/jrc_macrophage-2/jrc_macrophage-2.zarr","recon-1/labels/groundtruth/crop49/[endo,endo_lum,endo_mem]"
"train","/home/wghong22/cellmap-segmentation-challenge/data/jrc_macrophage-2/jrc_macrophage-2.zarr","recon-1/em/fibsem-uint8","/home/wghong22/cellmap-segmentation-challenge/data/jrc_macrophage-2/jrc_macrophage-2.zarr","recon-1/labels/groundtruth/crop75/[endo,endo_lum,endo_mem]"
"train","/home/wghong22/cellmap-segmentation-challenge/data/jrc_macrophage-2/jrc_macrophage-2.zarr","recon-1/em/fibsem-uint8","/home/wghong22/cellmap-segmentation-challenge/data/jrc_macrophage-2/jrc_macrophage-2.zarr","recon-1/labels/groundtruth/crop90/[endo,endo_lum,endo_mem]"
"train","/home/wghong22/cellmap-segmentation-challenge/data/jrc_macrophage-2/jrc_macrophage-2.zarr","recon-1/em/fibsem-uint8","/home/wghong22/cellmap-segmentation-challenge/data/jrc_macrophage-2/jrc_macrophage-2.zarr","recon-1/labels/groundtruth/crop109/[endo,endo_lum,endo_mem]"
"train","/home/wghong22/cellmap-segmentation-challenge/data/jrc_macrophage-2/jrc_macrophage-2.zarr","recon-1/em/fibsem-uint8","/home/wghong22/cellmap-segmentation-challenge/data/jrc_macrophage-2/jrc_macrophage-2.zarr","recon-1/labels/groundtruth/crop42/[endo,endo_lum,endo_mem]"
"train","/home/wghong22/cellmap-segmentation-challenge/data/jrc_macrophage-2/jrc_macrophage-2.zarr","recon-1/em/fibsem-uint8","/home/wghong22/cellmap-segmentation-challenge/data/jrc_macrophage-2/jrc_macrophage-2.zarr","recon-1/labels/groundtruth/crop72/[endo,endo_lum,endo_mem]"
"train","/home/wghong22/cellmap-segmentation-challenge/data/jrc_macrophage-2/jrc_macrophage-2.zarr","recon-1/em/fibsem-uint8","/home/wghong22/cellmap-segmentation-challenge/data/jrc_macrophage-2/jrc_macrophage-2.zarr","recon-1/labels/groundtruth/crop32/[endo,endo_lum,endo_mem]"
"train","/home/wghong22/cellmap-segmentation-challenge/data/jrc_macrophage-2/jrc_macrophage-2.zarr","recon-1/em/fibsem-uint8","/home/wghong22/cellmap-segmentation-challenge/data/jrc_macrophage-2/jrc_macrophage-2.zarr","recon-1/labels/groundtruth/crop110/[endo,endo_lum,endo_mem]"
"train","/home/wghong22/cellmap-segmentation-challenge/data/jrc_fly-vnc-1/jrc_fly-vnc-1.zarr","recon-1/em/fibsem-uint8","/home/wghong22/cellmap-segmentation-challenge/data/jrc_fly-vnc-1/jrc_fly-vnc-1.zarr","recon-1/labels/groundtruth/crop78/[endo,endo_lum,endo_mem]"
"train","/home/wghong22/cellmap-segmentation-challenge/data/jrc_fly-vnc-1/jrc_fly-vnc-1.zarr","recon-1/em/fibsem-uint8","/home/wghong22/cellmap-segmentation-challenge/data/jrc_fly-vnc-1/jrc_fly-vnc-1.zarr","recon-1/labels/groundtruth/crop79/[endo,endo_lum,endo_mem]"
"train","/home/wghong22/cellmap-segmentation-challenge/data/jrc_fly-vnc-1/jrc_fly-vnc-1.zarr","recon-1/em/fibsem-uint8","/home/wghong22/cellmap-segmentation-challenge/data/jrc_fly-vnc-1/jrc_fly-vnc-1.zarr","recon-1/labels/groundtruth/crop173/[endo,endo_lum,endo_mem]"
"train","/home/wghong22/cellmap-segmentation-challenge/data/jrc_fly-vnc-1/jrc_fly-vnc-1.zarr","recon-1/em/fibsem-uint8","/home/wghong22/cellmap-segmentation-challenge/data/jrc_fly-vnc-1/jrc_fly-vnc-1.zarr","recon-1/labels/groundtruth/crop185/[endo,endo_lum,endo_mem]"
"validate","/home/wghong22/cellmap-segmentation-challenge/data/jrc_fly-vnc-1/jrc_fly-vnc-1.zarr","recon-1/em/fibsem-uint8","/home/wghong22/cellmap-segmentation-challenge/data/jrc_fly-vnc-1/jrc_fly-vnc-1.zarr","recon-1/labels/groundtruth/crop176/[endo,endo_lum,endo_mem]"
"train","/home/wghong22/cellmap-segmentation-challenge/data/jrc_fly-vnc-1/jrc_fly-vnc-1.zarr","recon-1/em/fibsem-uint8","/home/wghong22/cellmap-segmentation-challenge/data/jrc_fly-vnc-1/jrc_fly-vnc-1.zarr","recon-1/labels/groundtruth/crop174/[endo,endo_lum,endo_mem]"
"train","/home/wghong22/cellmap-segmentation-challenge/data/jrc_sum159-1/jrc_sum159-1.zarr","recon-1/em/fibsem-uint8","/home/wghong22/cellmap-segmentation-challenge/data/jrc_sum159-1/jrc_sum159-1.zarr","recon-1/labels/groundtruth/crop99/[endo,endo_lum,endo_mem]"
"train","/home/wghong22/cellmap-segmentation-challenge/data/jrc_sum159-1/jrc_sum159-1.zarr","recon-1/em/fibsem-uint8","/home/wghong22/cellmap-segmentation-challenge/data/jrc_sum159-1/jrc_sum159-1.zarr","recon-1/labels/groundtruth/crop81/[endo,endo_lum,endo_mem]"
"train","/home/wghong22/cellmap-segmentation-challenge/data/jrc_sum159-1/jrc_sum159-1.zarr","recon-1/em/fibsem-uint8","/home/wghong22/cellmap-segmentation-challenge/data/jrc_sum159-1/jrc_sum159-1.zarr","recon-1/labels/groundtruth/crop80/[endo,endo_lum,endo_mem]"
"train","/home/wghong22/cellmap-segmentation-challenge/data/jrc_sum159-1/jrc_sum159-1.zarr","recon-1/em/fibsem-uint8","/home/wghong22/cellmap-segmentation-challenge/data/jrc_sum159-1/jrc_sum159-1.zarr","recon-1/labels/groundtruth/crop98/[endo,endo_lum,endo_mem]"
"train","/home/wghong22/cellmap-segmentation-challenge/data/jrc_sum159-1/jrc_sum159-1.zarr","recon-1/em/fibsem-uint8","/home/wghong22/cellmap-segmentation-challenge/data/jrc_sum159-1/jrc_sum159-1.zarr","recon-1/labels/groundtruth/crop82/[endo,endo_lum,endo_mem]"
"train","/home/wghong22/cellmap-segmentation-challenge/data/jrc_sum159-1/jrc_sum159-1.zarr","recon-1/em/fibsem-uint8","/home/wghong22/cellmap-segmentation-challenge/data/jrc_sum159-1/jrc_sum159-1.zarr","recon-1/labels/groundtruth/crop20/[endo,endo_lum,endo_mem]"
"train","/home/wghong22/cellmap-segmentation-challenge/data/jrc_sum159-1/jrc_sum159-1.zarr","recon-1/em/fibsem-uint8","/home/wghong22/cellmap-segmentation-challenge/data/jrc_sum159-1/jrc_sum159-1.zarr","recon-1/labels/groundtruth/crop26/[endo,endo_lum,endo_mem]"
"validate","/home/wghong22/cellmap-segmentation-challenge/data/jrc_sum159-1/jrc_sum159-1.zarr","recon-1/em/fibsem-uint8","/home/wghong22/cellmap-segmentation-challenge/data/jrc_sum159-1/jrc_sum159-1.zarr","recon-1/labels/groundtruth/crop22/[endo,endo_lum,endo_mem]"
"train","/home/wghong22/cellmap-segmentation-challenge/data/jrc_sum159-1/jrc_sum159-1.zarr","recon-1/em/fibsem-uint8","/home/wghong22/cellmap-segmentation-challenge/data/jrc_sum159-1/jrc_sum159-1.zarr","recon-1/labels/groundtruth/crop97/[endo,endo_lum,endo_mem]"
"train","/home/wghong22/cellmap-segmentation-challenge/data/jrc_sum159-1/jrc_sum159-1.zarr","recon-1/em/fibsem-uint8","/home/wghong22/cellmap-segmentation-challenge/data/jrc_sum159-1/jrc_sum159-1.zarr","recon-1/labels/groundtruth/crop84/[endo,endo_lum,endo_mem]"
"train","/home/wghong22/cellmap-segmentation-challenge/data/jrc_sum159-1/jrc_sum159-1.zarr","recon-1/em/fibsem-uint8","/home/wghong22/cellmap-segmentation-challenge/data/jrc_sum159-1/jrc_sum159-1.zarr","recon-1/labels/groundtruth/crop83/[endo,endo_lum,endo_mem]"
"train","/home/wghong22/cellmap-segmentation-challenge/data/jrc_sum159-1/jrc_sum159-1.zarr","recon-1/em/fibsem-uint8","/home/wghong22/cellmap-segmentation-challenge/data/jrc_sum159-1/jrc_sum159-1.zarr","recon-1/labels/groundtruth/crop25/[endo,endo_lum,endo_mem]"
"train","/home/wghong22/cellmap-segmentation-challenge/data/jrc_mus-liver/jrc_mus-liver.zarr","recon-1/em/fibsem-uint8","/home/wghong22/cellmap-segmentation-challenge/data/jrc_mus-liver/jrc_mus-liver.zarr","recon-1/labels/groundtruth/crop144/[endo,endo_lum,endo_mem]"
"train","/home/wghong22/cellmap-segmentation-challenge/data/jrc_mus-liver/jrc_mus-liver.zarr","recon-1/em/fibsem-uint8","/home/wghong22/cellmap-segmentation-challenge/data/jrc_mus-liver/jrc_mus-liver.zarr","recon-1/labels/groundtruth/crop135/[endo,endo_lum,endo_mem]"
"train","/home/wghong22/cellmap-segmentation-challenge/data/jrc_mus-liver/jrc_mus-liver.zarr","recon-1/em/fibsem-uint8","/home/wghong22/cellmap-segmentation-challenge/data/jrc_mus-liver/jrc_mus-liver.zarr","recon-1/labels/groundtruth/crop132/[endo,endo_lum,endo_mem]"
"train","/home/wghong22/cellmap-segmentation-challenge/data/jrc_mus-liver/jrc_mus-liver.zarr","recon-1/em/fibsem-uint8","/home/wghong22/cellmap-segmentation-challenge/data/jrc_mus-liver/jrc_mus-liver.zarr","recon-1/labels/groundtruth/crop145/[endo,endo_lum,endo_mem]"
"train","/home/wghong22/cellmap-segmentation-challenge/data/jrc_mus-liver/jrc_mus-liver.zarr","recon-1/em/fibsem-uint8","/home/wghong22/cellmap-segmentation-challenge/data/jrc_mus-liver/jrc_mus-liver.zarr","recon-1/labels/groundtruth/crop136/[endo,endo_lum,endo_mem]"
"train","/home/wghong22/cellmap-segmentation-challenge/data/jrc_mus-liver/jrc_mus-liver.zarr","recon-1/em/fibsem-uint8","/home/wghong22/cellmap-segmentation-challenge/data/jrc_mus-liver/jrc_mus-liver.zarr","recon-1/labels/groundtruth/crop137/[endo,endo_lum,endo_mem]"
"train","/home/wghong22/cellmap-segmentation-challenge/data/jrc_mus-liver/jrc_mus-liver.zarr","recon-1/em/fibsem-uint8","/home/wghong22/cellmap-segmentation-challenge/data/jrc_mus-liver/jrc_mus-liver.zarr","recon-1/labels/groundtruth/crop150/[endo,endo_lum,endo_mem]"
"train","/home/wghong22/cellmap-segmentation-challenge/data/jrc_mus-liver/jrc_mus-liver.zarr","recon-1/em/fibsem-uint8","/home/wghong22/cellmap-segmentation-challenge/data/jrc_mus-liver/jrc_mus-liver.zarr","recon-1/labels/groundtruth/crop417/[endo,endo_lum,endo_mem]"
"validate","/home/wghong22/cellmap-segmentation-challenge/data/jrc_mus-liver/jrc_mus-liver.zarr","recon-1/em/fibsem-uint8","/home/wghong22/cellmap-segmentation-challenge/data/jrc_mus-liver/jrc_mus-liver.zarr","recon-1/labels/groundtruth/crop133/[endo,endo_lum,endo_mem]"
"train","/home/wghong22/cellmap-segmentation-challenge/data/jrc_mus-liver/jrc_mus-liver.zarr","recon-1/em/fibsem-uint8","/home/wghong22/cellmap-segmentation-challenge/data/jrc_mus-liver/jrc_mus-liver.zarr","recon-1/labels/groundtruth/crop143/[endo,endo_lum,endo_mem]"
"validate","/home/wghong22/cellmap-segmentation-challenge/data/jrc_mus-liver/jrc_mus-liver.zarr","recon-1/em/fibsem-uint8","/home/wghong22/cellmap-segmentation-challenge/data/jrc_mus-liver/jrc_mus-liver.zarr","recon-1/labels/groundtruth/crop142/[endo,endo_lum,endo_mem]"
"train","/home/wghong22/cellmap-segmentation-challenge/data/jrc_mus-liver/jrc_mus-liver.zarr","recon-1/em/fibsem-uint8","/home/wghong22/cellmap-segmentation-challenge/data/jrc_mus-liver/jrc_mus-liver.zarr","recon-1/labels/groundtruth/crop172/[endo,endo_lum,endo_mem]"
"train","/home/wghong22/cellmap-segmentation-challenge/data/jrc_mus-liver/jrc_mus-liver.zarr","recon-1/em/fibsem-uint8","/home/wghong22/cellmap-segmentation-challenge/data/jrc_mus-liver/jrc_mus-liver.zarr","recon-1/labels/groundtruth/crop157/[endo,endo_lum,endo_mem]"
"train","/home/wghong22/cellmap-segmentation-challenge/data/jrc_mus-liver/jrc_mus-liver.zarr","recon-1/em/fibsem-uint8","/home/wghong22/cellmap-segmentation-challenge/data/jrc_mus-liver/jrc_mus-liver.zarr","recon-1/labels/groundtruth/crop151/[endo,endo_lum,endo_mem]"
"train","/home/wghong22/cellmap-segmentation-challenge/data/jrc_mus-liver/jrc_mus-liver.zarr","recon-1/em/fibsem-uint8","/home/wghong22/cellmap-segmentation-challenge/data/jrc_mus-liver/jrc_mus-liver.zarr","recon-1/labels/groundtruth/crop138/[endo,endo_lum,endo_mem]"
"train","/home/wghong22/cellmap-segmentation-challenge/data/jrc_mus-liver/jrc_mus-liver.zarr","recon-1/em/fibsem-uint8","/home/wghong22/cellmap-segmentation-challenge/data/jrc_mus-liver/jrc_mus-liver.zarr","recon-1/labels/groundtruth/crop171/[endo,endo_lum,endo_mem]"
"train","/home/wghong22/cellmap-segmentation-challenge/data/jrc_mus-liver/jrc_mus-liver.zarr","recon-1/em/fibsem-uint8","/home/wghong22/cellmap-segmentation-challenge/data/jrc_mus-liver/jrc_mus-liver.zarr","recon-1/labels/groundtruth/crop124/[endo,endo_lum,endo_mem]"
"train","/home/wghong22/cellmap-segmentation-challenge/data/jrc_mus-liver/jrc_mus-liver.zarr","recon-1/em/fibsem-uint8","/home/wghong22/cellmap-segmentation-challenge/data/jrc_mus-liver/jrc_mus-liver.zarr","recon-1/labels/groundtruth/crop131/[endo,endo_lum,endo_mem]"
"train","/home/wghong22/cellmap-segmentation-challenge/data/jrc_mus-liver/jrc_mus-liver.zarr","recon-1/em/fibsem-uint8","/home/wghong22/cellmap-segmentation-challenge/data/jrc_mus-liver/jrc_mus-liver.zarr","recon-1/labels/groundtruth/crop183/[endo,endo_lum,endo_mem]"
"train","/home/wghong22/cellmap-segmentation-challenge/data/jrc_mus-liver/jrc_mus-liver.zarr","recon-1/em/fibsem-uint8","/home/wghong22/cellmap-segmentation-challenge/data/jrc_mus-liver/jrc_mus-liver.zarr","recon-1/labels/groundtruth/crop175/[endo,endo_lum,endo_mem]"
"train","/home/wghong22/cellmap-segmentation-challenge/data/jrc_mus-liver/jrc_mus-liver.zarr","recon-1/em/fibsem-uint8","/home/wghong22/cellmap-segmentation-challenge/data/jrc_mus-liver/jrc_mus-liver.zarr","recon-1/labels/groundtruth/crop125/[endo,endo_lum,endo_mem]"
"train","/home/wghong22/cellmap-segmentation-challenge/data/jrc_mus-liver/jrc_mus-liver.zarr","recon-1/em/fibsem-uint8","/home/wghong22/cellmap-segmentation-challenge/data/jrc_mus-liver/jrc_mus-liver.zarr","recon-1/labels/groundtruth/crop139/[endo,endo_lum,endo_mem]"
"train","/home/wghong22/cellmap-segmentation-challenge/data/jrc_mus-liver/jrc_mus-liver.zarr","recon-1/em/fibsem-uint8","/home/wghong22/cellmap-segmentation-challenge/data/jrc_mus-liver/jrc_mus-liver.zarr","recon-1/labels/groundtruth/crop416/[endo,endo_lum,endo_mem]"
"train","/home/wghong22/cellmap-segmentation-challenge/data/jrc_hela-2/jrc_hela-2.zarr","recon-1/em/fibsem-uint8","/home/wghong22/cellmap-segmentation-challenge/data/jrc_hela-2/jrc_hela-2.zarr","recon-1/labels/groundtruth/crop155/[endo,endo_lum,endo_mem]"
"train","/home/wghong22/cellmap-segmentation-challenge/data/jrc_hela-2/jrc_hela-2.zarr","recon-1/em/fibsem-uint8","/home/wghong22/cellmap-segmentation-challenge/data/jrc_hela-2/jrc_hela-2.zarr","recon-1/labels/groundtruth/crop94/[endo,endo_lum,endo_mem]"
"train","/home/wghong22/cellmap-segmentation-challenge/data/jrc_hela-2/jrc_hela-2.zarr","recon-1/em/fibsem-uint8","/home/wghong22/cellmap-segmentation-challenge/data/jrc_hela-2/jrc_hela-2.zarr","recon-1/labels/groundtruth/crop7/[endo,endo_lum,endo_mem]"
"train","/home/wghong22/cellmap-segmentation-challenge/data/jrc_hela-2/jrc_hela-2.zarr","recon-1/em/fibsem-uint8","/home/wghong22/cellmap-segmentation-challenge/data/jrc_hela-2/jrc_hela-2.zarr","recon-1/labels/groundtruth/crop14/[endo,endo_lum,endo_mem]"
"train","/home/wghong22/cellmap-segmentation-challenge/data/jrc_hela-2/jrc_hela-2.zarr","recon-1/em/fibsem-uint8","/home/wghong22/cellmap-segmentation-challenge/data/jrc_hela-2/jrc_hela-2.zarr","recon-1/labels/groundtruth/crop18/[endo,endo_lum,endo_mem]"
"train","/home/wghong22/cellmap-segmentation-challenge/data/jrc_hela-2/jrc_hela-2.zarr","recon-1/em/fibsem-uint8","/home/wghong22/cellmap-segmentation-challenge/data/jrc_hela-2/jrc_hela-2.zarr","recon-1/labels/groundtruth/crop16/[endo,endo_lum,endo_mem]"
"train","/home/wghong22/cellmap-segmentation-challenge/data/jrc_hela-2/jrc_hela-2.zarr","recon-1/em/fibsem-uint8","/home/wghong22/cellmap-segmentation-challenge/data/jrc_hela-2/jrc_hela-2.zarr","recon-1/labels/groundtruth/crop28/[endo,endo_lum,endo_mem]"
"validate","/home/wghong22/cellmap-segmentation-challenge/data/jrc_hela-2/jrc_hela-2.zarr","recon-1/em/fibsem-uint8","/home/wghong22/cellmap-segmentation-challenge/data/jrc_hela-2/jrc_hela-2.zarr","recon-1/labels/groundtruth/crop23/[endo,endo_lum,endo_mem]"
"train","/home/wghong22/cellmap-segmentation-challenge/data/jrc_hela-2/jrc_hela-2.zarr","recon-1/em/fibsem-uint8","/home/wghong22/cellmap-segmentation-challenge/data/jrc_hela-2/jrc_hela-2.zarr","recon-1/labels/groundtruth/crop54/[endo,endo_lum,endo_mem]"
"train","/home/wghong22/cellmap-segmentation-challenge/data/jrc_hela-2/jrc_hela-2.zarr","recon-1/em/fibsem-uint8","/home/wghong22/cellmap-segmentation-challenge/data/jrc_hela-2/jrc_hela-2.zarr","recon-1/labels/groundtruth/crop56/[endo,endo_lum,endo_mem]"
"train","/home/wghong22/cellmap-segmentation-challenge/data/jrc_hela-2/jrc_hela-2.zarr","recon-1/em/fibsem-uint8","/home/wghong22/cellmap-segmentation-challenge/data/jrc_hela-2/jrc_hela-2.zarr","recon-1/labels/groundtruth/crop19/[endo,endo_lum,endo_mem]"
"train","/home/wghong22/cellmap-segmentation-challenge/data/jrc_hela-2/jrc_hela-2.zarr","recon-1/em/fibsem-uint8","/home/wghong22/cellmap-segmentation-challenge/data/jrc_hela-2/jrc_hela-2.zarr","recon-1/labels/groundtruth/crop96/[endo,endo_lum,endo_mem]"
"train","/home/wghong22/cellmap-segmentation-challenge/data/jrc_hela-2/jrc_hela-2.zarr","recon-1/em/fibsem-uint8","/home/wghong22/cellmap-segmentation-challenge/data/jrc_hela-2/jrc_hela-2.zarr","recon-1/labels/groundtruth/crop95/[endo,endo_lum,endo_mem]"
"train","/home/wghong22/cellmap-segmentation-challenge/data/jrc_hela-2/jrc_hela-2.zarr","recon-1/em/fibsem-uint8","/home/wghong22/cellmap-segmentation-challenge/data/jrc_hela-2/jrc_hela-2.zarr","recon-1/labels/groundtruth/crop13/[endo,endo_lum,endo_mem]"
"train","/home/wghong22/cellmap-segmentation-challenge/data/jrc_hela-2/jrc_hela-2.zarr","recon-1/em/fibsem-uint8","/home/wghong22/cellmap-segmentation-challenge/data/jrc_hela-2/jrc_hela-2.zarr","recon-1/labels/groundtruth/crop59/[endo,endo_lum,endo_mem]"
"train","/home/wghong22/cellmap-segmentation-challenge/data/jrc_hela-2/jrc_hela-2.zarr","recon-1/em/fibsem-uint8","/home/wghong22/cellmap-segmentation-challenge/data/jrc_hela-2/jrc_hela-2.zarr","recon-1/labels/groundtruth/crop9/[endo,endo_lum,endo_mem]"
"train","/home/wghong22/cellmap-segmentation-challenge/data/jrc_hela-2/jrc_hela-2.zarr","recon-1/em/fibsem-uint8","/home/wghong22/cellmap-segmentation-challenge/data/jrc_hela-2/jrc_hela-2.zarr","recon-1/labels/groundtruth/crop113/[endo,endo_lum,endo_mem]"
"train","/home/wghong22/cellmap-segmentation-challenge/data/jrc_hela-2/jrc_hela-2.zarr","recon-1/em/fibsem-uint8","/home/wghong22/cellmap-segmentation-challenge/data/jrc_hela-2/jrc_hela-2.zarr","recon-1/labels/groundtruth/crop15/[endo,endo_lum,endo_mem]"
"train","/home/wghong22/cellmap-segmentation-challenge/data/jrc_hela-2/jrc_hela-2.zarr","recon-1/em/fibsem-uint8","/home/wghong22/cellmap-segmentation-challenge/data/jrc_hela-2/jrc_hela-2.zarr","recon-1/labels/groundtruth/crop8/[endo,endo_lum,endo_mem]"
"train","/home/wghong22/cellmap-segmentation-challenge/data/jrc_hela-2/jrc_hela-2.zarr","recon-1/em/fibsem-uint8","/home/wghong22/cellmap-segmentation-challenge/data/jrc_hela-2/jrc_hela-2.zarr","recon-1/labels/groundtruth/crop57/[endo,endo_lum,endo_mem]"
"train","/home/wghong22/cellmap-segmentation-challenge/data/jrc_hela-2/jrc_hela-2.zarr","recon-1/em/fibsem-uint8","/home/wghong22/cellmap-segmentation-challenge/data/jrc_hela-2/jrc_hela-2.zarr","recon-1/labels/groundtruth/crop58/[endo,endo_lum,endo_mem]"
"train","/home/wghong22/cellmap-segmentation-challenge/data/jrc_hela-2/jrc_hela-2.zarr","recon-1/em/fibsem-uint8","/home/wghong22/cellmap-segmentation-challenge/data/jrc_hela-2/jrc_hela-2.zarr","recon-1/labels/groundtruth/crop55/[endo,endo_lum,endo_mem]"
