"train","/home/wghong22/cellmap-segmentation-challenge/data/jrc_jurkat-1/jrc_jurkat-1.zarr","recon-1/em/fibsem-uint8","/home/wghong22/cellmap-segmentation-challenge/data/jrc_jurkat-1/jrc_jurkat-1.zarr","recon-1/labels/groundtruth/crop107/[lyso,lyso_lum,lyso_mem]"
"train","/home/wghong22/cellmap-segmentation-challenge/data/jrc_jurkat-1/jrc_jurkat-1.zarr","recon-1/em/fibsem-uint8","/home/wghong22/cellmap-segmentation-challenge/data/jrc_jurkat-1/jrc_jurkat-1.zarr","recon-1/labels/groundtruth/crop93/[lyso,lyso_lum,lyso_mem]"
"train","/home/wghong22/cellmap-segmentation-challenge/data/jrc_jurkat-1/jrc_jurkat-1.zarr","recon-1/em/fibsem-uint8","/home/wghong22/cellmap-segmentation-challenge/data/jrc_jurkat-1/jrc_jurkat-1.zarr","recon-1/labels/groundtruth/crop182/[lyso,lyso_lum,lyso_mem]"
"train","/home/wghong22/cellmap-segmentation-challenge/data/jrc_jurkat-1/jrc_jurkat-1.zarr","recon-1/em/fibsem-uint8","/home/wghong22/cellmap-segmentation-challenge/data/jrc_jurkat-1/jrc_jurkat-1.zarr","recon-1/labels/groundtruth/crop92/[lyso,lyso_lum,lyso_mem]"
"train","/home/wghong22/cellmap-segmentation-challenge/data/jrc_jurkat-1/jrc_jurkat-1.zarr","recon-1/em/fibsem-uint8","/home/wghong22/cellmap-segmentation-challenge/data/jrc_jurkat-1/jrc_jurkat-1.zarr","recon-1/labels/groundtruth/crop47/[lyso,lyso_lum,lyso_mem]"
"train","/home/wghong22/cellmap-segmentation-challenge/data/jrc_jurkat-1/jrc_jurkat-1.zarr","recon-1/em/fibsem-uint8","/home/wghong22/cellmap-segmentation-challenge/data/jrc_jurkat-1/jrc_jurkat-1.zarr","recon-1/labels/groundtruth/crop36/[lyso,lyso_lum,lyso_mem]"
"train","/home/wghong22/cellmap-segmentation-challenge/data/jrc_jurkat-1/jrc_jurkat-1.zarr","recon-1/em/fibsem-uint8","/home/wghong22/cellmap-segmentation-challenge/data/jrc_jurkat-1/jrc_jurkat-1.zarr","recon-1/labels/groundtruth/crop66/[lyso,lyso_lum,lyso_mem]"
"train","/home/wghong22/cellmap-segmentation-challenge/data/jrc_jurkat-1/jrc_jurkat-1.zarr","recon-1/em/fibsem-uint8","/home/wghong22/cellmap-segmentation-challenge/data/jrc_jurkat-1/jrc_jurkat-1.zarr","recon-1/labels/groundtruth/crop35/[lyso,lyso_lum,lyso_mem]"
"train","/home/wghong22/cellmap-segmentation-challenge/data/jrc_jurkat-1/jrc_jurkat-1.zarr","recon-1/em/fibsem-uint8","/home/wghong22/cellmap-segmentation-challenge/data/jrc_jurkat-1/jrc_jurkat-1.zarr","recon-1/labels/groundtruth/crop67/[lyso,lyso_lum,lyso_mem]"
"train","/home/wghong22/cellmap-segmentation-challenge/data/jrc_jurkat-1/jrc_jurkat-1.zarr","recon-1/em/fibsem-uint8","/home/wghong22/cellmap-segmentation-challenge/data/jrc_jurkat-1/jrc_jurkat-1.zarr","recon-1/labels/groundtruth/crop126/[lyso,lyso_lum,lyso_mem]"
"train","/home/wghong22/cellmap-segmentation-challenge/data/jrc_jurkat-1/jrc_jurkat-1.zarr","recon-1/em/fibsem-uint8","/home/wghong22/cellmap-segmentation-challenge/data/jrc_jurkat-1/jrc_jurkat-1.zarr","recon-1/labels/groundtruth/crop43/[lyso,lyso_lum,lyso_mem]"
"validate","/home/wghong22/cellmap-segmentation-challenge/data/jrc_jurkat-1/jrc_jurkat-1.zarr","recon-1/em/fibsem-uint8","/home/wghong22/cellmap-segmentation-challenge/data/jrc_jurkat-1/jrc_jurkat-1.zarr","recon-1/labels/groundtruth/crop37/[lyso,lyso_lum,lyso_mem]"
"train","/home/wghong22/cellmap-segmentation-challenge/data/jrc_jurkat-1/jrc_jurkat-1.zarr","recon-1/em/fibsem-uint8","/home/wghong22/cellmap-segmentation-challenge/data/jrc_jurkat-1/jrc_jurkat-1.zarr","recon-1/labels/groundtruth/crop38/[lyso,lyso_lum,lyso_mem]"
"train","/home/wghong22/cellmap-segmentation-challenge/data/jrc_jurkat-1/jrc_jurkat-1.zarr","recon-1/em/fibsem-uint8","/home/wghong22/cellmap-segmentation-challenge/data/jrc_jurkat-1/jrc_jurkat-1.zarr","recon-1/labels/groundtruth/crop68/[lyso,lyso_lum,lyso_mem]"
"train","/home/wghong22/cellmap-segmentation-challenge/data/jrc_jurkat-1/jrc_jurkat-1.zarr","recon-1/em/fibsem-uint8","/home/wghong22/cellmap-segmentation-challenge/data/jrc_jurkat-1/jrc_jurkat-1.zarr","recon-1/labels/groundtruth/crop70/[lyso,lyso_lum,lyso_mem]"
"train","/home/wghong22/cellmap-segmentation-challenge/data/jrc_jurkat-1/jrc_jurkat-1.zarr","recon-1/em/fibsem-uint8","/home/wghong22/cellmap-segmentation-challenge/data/jrc_jurkat-1/jrc_jurkat-1.zarr","recon-1/labels/groundtruth/crop112/[lyso,lyso_lum,lyso_mem]"
"validate","/home/wghong22/cellmap-segmentation-challenge/data/jrc_jurkat-1/jrc_jurkat-1.zarr","recon-1/em/fibsem-uint8","/home/wghong22/cellmap-segmentation-challenge/data/jrc_jurkat-1/jrc_jurkat-1.zarr","recon-1/labels/groundtruth/crop69/[lyso,lyso_lum,lyso_mem]"
"train","/home/wghong22/cellmap-segmentation-challenge/data/jrc_jurkat-1/jrc_jurkat-1.zarr","recon-1/em/fibsem-uint8","/home/wghong22/cellmap-segmentation-challenge/data/jrc_jurkat-1/jrc_jurkat-1.zarr","recon-1/labels/groundtruth/crop71/[lyso,lyso_lum,lyso_mem]"
"train","/home/wghong22/cellmap-segmentation-challenge/data/jrc_jurkat-1/jrc_jurkat-1.zarr","recon-1/em/fibsem-uint8","/home/wghong22/cellmap-segmentation-challenge/data/jrc_jurkat-1/jrc_jurkat-1.zarr","recon-1/labels/groundtruth/crop180/[lyso,lyso_lum,lyso_mem]"
"train","/home/wghong22/cellmap-segmentation-challenge/data/jrc_jurkat-1/jrc_jurkat-1.zarr","recon-1/em/fibsem-uint8","/home/wghong22/cellmap-segmentation-challenge/data/jrc_jurkat-1/jrc_jurkat-1.zarr","recon-1/labels/groundtruth/crop91/[lyso,lyso_lum,lyso_mem]"
"validate","/home/wghong22/cellmap-segmentation-challenge/data/jrc_mus-liver-zon-2/jrc_mus-liver-zon-2.zarr","recon-1/em/fibsem-uint8","/home/wghong22/cellmap-segmentation-challenge/data/jrc_mus-liver-zon-2/jrc_mus-liver-zon-2.zarr","recon-1/labels/groundtruth/crop340/[lyso,lyso_lum,lyso_mem]"
"train","/home/wghong22/cellmap-segmentation-challenge/data/jrc_mus-liver-zon-2/jrc_mus-liver-zon-2.zarr","recon-1/em/fibsem-uint8","/home/wghong22/cellmap-segmentation-challenge/data/jrc_mus-liver-zon-2/jrc_mus-liver-zon-2.zarr","recon-1/labels/groundtruth/crop370/[lyso,lyso_lum,lyso_mem]"
"validate","/home/wghong22/cellmap-segmentation-challenge/data/jrc_mus-liver-zon-2/jrc_mus-liver-zon-2.zarr","recon-1/em/fibsem-uint8","/home/wghong22/cellmap-segmentation-challenge/data/jrc_mus-liver-zon-2/jrc_mus-liver-zon-2.zarr","recon-1/labels/groundtruth/crop369/[lyso,lyso_lum,lyso_mem]"
"train","/home/wghong22/cellmap-segmentation-challenge/data/jrc_mus-liver-zon-2/jrc_mus-liver-zon-2.zarr","recon-1/em/fibsem-uint8","/home/wghong22/cellmap-segmentation-challenge/data/jrc_mus-liver-zon-2/jrc_mus-liver-zon-2.zarr","recon-1/labels/groundtruth/crop376/[lyso,lyso_lum,lyso_mem]"
"train","/home/wghong22/cellmap-segmentation-challenge/data/jrc_mus-liver-zon-2/jrc_mus-liver-zon-2.zarr","recon-1/em/fibsem-uint8","/home/wghong22/cellmap-segmentation-challenge/data/jrc_mus-liver-zon-2/jrc_mus-liver-zon-2.zarr","recon-1/labels/groundtruth/crop342/[lyso,lyso_lum,lyso_mem]"
"train","/home/wghong22/cellmap-segmentation-challenge/data/jrc_mus-liver-zon-2/jrc_mus-liver-zon-2.zarr","recon-1/em/fibsem-uint8","/home/wghong22/cellmap-segmentation-challenge/data/jrc_mus-liver-zon-2/jrc_mus-liver-zon-2.zarr","recon-1/labels/groundtruth/crop341/[lyso,lyso_lum,lyso_mem]"
"train","/home/wghong22/cellmap-segmentation-challenge/data/jrc_mus-liver-zon-2/jrc_mus-liver-zon-2.zarr","recon-1/em/fibsem-uint8","/home/wghong22/cellmap-segmentation-challenge/data/jrc_mus-liver-zon-2/jrc_mus-liver-zon-2.zarr","recon-1/labels/groundtruth/crop333/[lyso,lyso_lum,lyso_mem]"
"train","/home/wghong22/cellmap-segmentation-challenge/data/jrc_mus-liver-zon-2/jrc_mus-liver-zon-2.zarr","recon-1/em/fibsem-uint8","/home/wghong22/cellmap-segmentation-challenge/data/jrc_mus-liver-zon-2/jrc_mus-liver-zon-2.zarr","recon-1/labels/groundtruth/crop368/[lyso,lyso_lum,lyso_mem]"
"train","/home/wghong22/cellmap-segmentation-challenge/data/jrc_sum159-4/jrc_sum159-4.zarr","recon-1/em/fibsem-uint8","/home/wghong22/cellmap-segmentation-challenge/data/jrc_sum159-4/jrc_sum159-4.zarr","recon-1/labels/groundtruth/crop218/[lyso,lyso_lum,lyso_mem]"
"train","/home/wghong22/cellmap-segmentation-challenge/data/jrc_sum159-4/jrc_sum159-4.zarr","recon-1/em/fibsem-uint8","/home/wghong22/cellmap-segmentation-challenge/data/jrc_sum159-4/jrc_sum159-4.zarr","recon-1/labels/groundtruth/crop189/[lyso,lyso_lum,lyso_mem]"
"train","/home/wghong22/cellmap-segmentation-challenge/data/jrc_sum159-4/jrc_sum159-4.zarr","recon-1/em/fibsem-uint8","/home/wghong22/cellmap-segmentation-challenge/data/jrc_sum159-4/jrc_sum159-4.zarr","recon-1/labels/groundtruth/crop216/[lyso,lyso_lum,lyso_mem]"
"train","/home/wghong22/cellmap-segmentation-challenge/data/jrc_sum159-4/jrc_sum159-4.zarr","recon-1/em/fibsem-uint8","/home/wghong22/cellmap-segmentation-challenge/data/jrc_sum159-4/jrc_sum159-4.zarr","recon-1/labels/groundtruth/crop203/[lyso,lyso_lum,lyso_mem]"
"train","/home/wghong22/cellmap-segmentation-challenge/data/jrc_sum159-4/jrc_sum159-4.zarr","recon-1/em/fibsem-uint8","/home/wghong22/cellmap-segmentation-challenge/data/jrc_sum159-4/jrc_sum159-4.zarr","recon-1/labels/groundtruth/crop206/[lyso,lyso_lum,lyso_mem]"
"train","/home/wghong22/cellmap-segmentation-challenge/data/jrc_sum159-4/jrc_sum159-4.zarr","recon-1/em/fibsem-uint8","/home/wghong22/cellmap-segmentation-challenge/data/jrc_sum159-4/jrc_sum159-4.zarr","recon-1/labels/groundtruth/crop208/[lyso,lyso_lum,lyso_mem]"
"train","/home/wghong22/cellmap-segmentation-challenge/data/jrc_sum159-4/jrc_sum159-4.zarr","recon-1/em/fibsem-uint8","/home/wghong22/cellmap-segmentation-challenge/data/jrc_sum159-4/jrc_sum159-4.zarr","recon-1/labels/groundtruth/crop213/[lyso,lyso_lum,lyso_mem]"
"validate","/home/wghong22/cellmap-segmentation-challenge/data/jrc_sum159-4/jrc_sum159-4.zarr","recon-1/em/fibsem-uint8","/home/wghong22/cellmap-segmentation-challenge/data/jrc_sum159-4/jrc_sum159-4.zarr","recon-1/labels/groundtruth/crop217/[lyso,lyso_lum,lyso_mem]"
"train","/home/wghong22/cellmap-segmentation-challenge/data/jrc_sum159-4/jrc_sum159-4.zarr","recon-1/em/fibsem-uint8","/home/wghong22/cellmap-segmentation-challenge/data/jrc_sum159-4/jrc_sum159-4.zarr","recon-1/labels/groundtruth/crop219/[lyso,lyso_lum,lyso_mem]"
"train","/home/wghong22/cellmap-segmentation-challenge/data/jrc_sum159-4/jrc_sum159-4.zarr","recon-1/em/fibsem-uint8","/home/wghong22/cellmap-segmentation-challenge/data/jrc_sum159-4/jrc_sum159-4.zarr","recon-1/labels/groundtruth/crop202/[lyso,lyso_lum,lyso_mem]"
"train","/home/wghong22/cellmap-segmentation-challenge/data/jrc_sum159-4/jrc_sum159-4.zarr","recon-1/em/fibsem-uint8","/home/wghong22/cellmap-segmentation-challenge/data/jrc_sum159-4/jrc_sum159-4.zarr","recon-1/labels/groundtruth/crop210/[lyso,lyso_lum,lyso_mem]"
"train","/home/wghong22/cellmap-segmentation-challenge/data/jrc_sum159-4/jrc_sum159-4.zarr","recon-1/em/fibsem-uint8","/home/wghong22/cellmap-segmentation-challenge/data/jrc_sum159-4/jrc_sum159-4.zarr","recon-1/labels/groundtruth/crop209/[lyso,lyso_lum,lyso_mem]"
"train","/home/wghong22/cellmap-segmentation-challenge/data/jrc_sum159-4/jrc_sum159-4.zarr","recon-1/em/fibsem-uint8","/home/wghong22/cellmap-segmentation-challenge/data/jrc_sum159-4/jrc_sum159-4.zarr","recon-1/labels/groundtruth/crop186/[lyso,lyso_lum,lyso_mem]"
"train","/home/wghong22/cellmap-segmentation-challenge/data/jrc_sum159-4/jrc_sum159-4.zarr","recon-1/em/fibsem-uint8","/home/wghong22/cellmap-segmentation-challenge/data/jrc_sum159-4/jrc_sum159-4.zarr","recon-1/labels/groundtruth/crop187/[lyso,lyso_lum,lyso_mem]"
"train","/home/wghong22/cellmap-segmentation-challenge/data/jrc_sum159-4/jrc_sum159-4.zarr","recon-1/em/fibsem-uint8","/home/wghong22/cellmap-segmentation-challenge/data/jrc_sum159-4/jrc_sum159-4.zarr","recon-1/labels/groundtruth/crop212/[lyso,lyso_lum,lyso_mem]"
"train","/home/wghong22/cellmap-segmentation-challenge/data/jrc_sum159-4/jrc_sum159-4.zarr","recon-1/em/fibsem-uint8","/home/wghong22/cellmap-segmentation-challenge/data/jrc_sum159-4/jrc_sum159-4.zarr","recon-1/labels/groundtruth/crop201/[lyso,lyso_lum,lyso_mem]"
"train","/home/wghong22/cellmap-segmentation-challenge/data/jrc_sum159-4/jrc_sum159-4.zarr","recon-1/em/fibsem-uint8","/home/wghong22/cellmap-segmentation-challenge/data/jrc_sum159-4/jrc_sum159-4.zarr","recon-1/labels/groundtruth/crop188/[lyso,lyso_lum,lyso_mem]"
"train","/home/wghong22/cellmap-segmentation-challenge/data/jrc_mus-kidney/jrc_mus-kidney.zarr","recon-1/em/fibsem-uint8","/home/wghong22/cellmap-segmentation-challenge/data/jrc_mus-kidney/jrc_mus-kidney.zarr","recon-1/labels/groundtruth/crop140/[lyso,lyso_lum,lyso_mem]"
"train","/home/wghong22/cellmap-segmentation-challenge/data/jrc_mus-kidney/jrc_mus-kidney.zarr","recon-1/em/fibsem-uint8","/home/wghong22/cellmap-segmentation-challenge/data/jrc_mus-kidney/jrc_mus-kidney.zarr","recon-1/labels/groundtruth/crop158/[lyso,lyso_lum,lyso_mem]"
"train","/home/wghong22/cellmap-segmentation-challenge/data/jrc_mus-kidney/jrc_mus-kidney.zarr","recon-1/em/fibsem-uint8","/home/wghong22/cellmap-segmentation-challenge/data/jrc_mus-kidney/jrc_mus-kidney.zarr","recon-1/labels/groundtruth/crop148/[lyso,lyso_lum,lyso_mem]"
"train","/home/wghong22/cellmap-segmentation-challenge/data/jrc_mus-kidney/jrc_mus-kidney.zarr","recon-1/em/fibsem-uint8","/home/wghong22/cellmap-segmentation-challenge/data/jrc_mus-kidney/jrc_mus-kidney.zarr","recon-1/labels/groundtruth/crop149/[lyso,lyso_lum,lyso_mem]"
"train","/home/wghong22/cellmap-segmentation-challenge/data/jrc_mus-kidney/jrc_mus-kidney.zarr","recon-1/em/fibsem-uint8","/home/wghong22/cellmap-segmentation-challenge/data/jrc_mus-kidney/jrc_mus-kidney.zarr","recon-1/labels/groundtruth/crop129/[lyso,lyso_lum,lyso_mem]"
"train","/home/wghong22/cellmap-segmentation-challenge/data/jrc_mus-kidney/jrc_mus-kidney.zarr","recon-1/em/fibsem-uint8","/home/wghong22/cellmap-segmentation-challenge/data/jrc_mus-kidney/jrc_mus-kidney.zarr","recon-1/labels/groundtruth/crop141/[lyso,lyso_lum,lyso_mem]"
"train","/home/wghong22/cellmap-segmentation-challenge/data/jrc_mus-kidney/jrc_mus-kidney.zarr","recon-1/em/fibsem-uint8","/home/wghong22/cellmap-segmentation-challenge/data/jrc_mus-kidney/jrc_mus-kidney.zarr","recon-1/labels/groundtruth/crop164/[lyso,lyso_lum,lyso_mem]"
"train","/home/wghong22/cellmap-segmentation-challenge/data/jrc_mus-kidney/jrc_mus-kidney.zarr","recon-1/em/fibsem-uint8","/home/wghong22/cellmap-segmentation-challenge/data/jrc_mus-kidney/jrc_mus-kidney.zarr","recon-1/labels/groundtruth/crop161/[lyso,lyso_lum,lyso_mem]"
"train","/home/wghong22/cellmap-segmentation-challenge/data/jrc_mus-kidney/jrc_mus-kidney.zarr","recon-1/em/fibsem-uint8","/home/wghong22/cellmap-segmentation-challenge/data/jrc_mus-kidney/jrc_mus-kidney.zarr","recon-1/labels/groundtruth/crop163/[lyso,lyso_lum,lyso_mem]"
"validate","/home/wghong22/cellmap-segmentation-challenge/data/jrc_mus-kidney/jrc_mus-kidney.zarr","recon-1/em/fibsem-uint8","/home/wghong22/cellmap-segmentation-challenge/data/jrc_mus-kidney/jrc_mus-kidney.zarr","recon-1/labels/groundtruth/crop159/[lyso,lyso_lum,lyso_mem]"
"train","/home/wghong22/cellmap-segmentation-challenge/data/jrc_mus-kidney/jrc_mus-kidney.zarr","recon-1/em/fibsem-uint8","/home/wghong22/cellmap-segmentation-challenge/data/jrc_mus-kidney/jrc_mus-kidney.zarr","recon-1/labels/groundtruth/crop165/[lyso,lyso_lum,lyso_mem]"
"train","/home/wghong22/cellmap-segmentation-challenge/data/jrc_mus-kidney/jrc_mus-kidney.zarr","recon-1/em/fibsem-uint8","/home/wghong22/cellmap-segmentation-challenge/data/jrc_mus-kidney/jrc_mus-kidney.zarr","recon-1/labels/groundtruth/crop156/[lyso,lyso_lum,lyso_mem]"
"train","/home/wghong22/cellmap-segmentation-challenge/data/jrc_mus-kidney/jrc_mus-kidney.zarr","recon-1/em/fibsem-uint8","/home/wghong22/cellmap-segmentation-challenge/data/jrc_mus-kidney/jrc_mus-kidney.zarr","recon-1/labels/groundtruth/crop166/[lyso,lyso_lum,lyso_mem]"
"train","/home/wghong22/cellmap-segmentation-challenge/data/jrc_mus-kidney/jrc_mus-kidney.zarr","recon-1/em/fibsem-uint8","/home/wghong22/cellmap-segmentation-challenge/data/jrc_mus-kidney/jrc_mus-kidney.zarr","recon-1/labels/groundtruth/crop162/[lyso,lyso_lum,lyso_mem]"
"validate","/home/wghong22/cellmap-segmentation-challenge/data/jrc_mus-kidney/jrc_mus-kidney.zarr","recon-1/em/fibsem-uint8","/home/wghong22/cellmap-segmentation-challenge/data/jrc_mus-kidney/jrc_mus-kidney.zarr","recon-1/labels/groundtruth/crop160/[lyso,lyso_lum,lyso_mem]"
"train","/home/wghong22/cellmap-segmentation-challenge/data/jrc_mus-kidney/jrc_mus-kidney.zarr","recon-1/em/fibsem-uint8","/home/wghong22/cellmap-segmentation-challenge/data/jrc_mus-kidney/jrc_mus-kidney.zarr","recon-1/labels/groundtruth/crop184/[lyso,lyso_lum,lyso_mem]"
"train","/home/wghong22/cellmap-segmentation-challenge/data/jrc_mus-kidney/jrc_mus-kidney.zarr","recon-1/em/fibsem-uint8","/home/wghong22/cellmap-segmentation-challenge/data/jrc_mus-kidney/jrc_mus-kidney.zarr","recon-1/labels/groundtruth/crop147/[lyso,lyso_lum,lyso_mem]"
"train","/home/wghong22/cellmap-segmentation-challenge/data/jrc_mus-kidney/jrc_mus-kidney.zarr","recon-1/em/fibsem-uint8","/home/wghong22/cellmap-segmentation-challenge/data/jrc_mus-kidney/jrc_mus-kidney.zarr","recon-1/labels/groundtruth/crop146/[lyso,lyso_lum,lyso_mem]"
"train","/home/wghong22/cellmap-segmentation-challenge/data/jrc_hela-3/jrc_hela-3.zarr","recon-1/em/fibsem-uint8","/home/wghong22/cellmap-segmentation-challenge/data/jrc_hela-3/jrc_hela-3.zarr","recon-1/labels/groundtruth/crop85/[lyso,lyso_lum,lyso_mem]"
"train","/home/wghong22/cellmap-segmentation-challenge/data/jrc_hela-3/jrc_hela-3.zarr","recon-1/em/fibsem-uint8","/home/wghong22/cellmap-segmentation-challenge/data/jrc_hela-3/jrc_hela-3.zarr","recon-1/labels/groundtruth/crop61/[lyso,lyso_lum,lyso_mem]"
"train","/home/wghong22/cellmap-segmentation-challenge/data/jrc_hela-3/jrc_hela-3.zarr","recon-1/em/fibsem-uint8","/home/wghong22/cellmap-segmentation-challenge/data/jrc_hela-3/jrc_hela-3.zarr","recon-1/labels/groundtruth/crop63/[lyso,lyso_lum,lyso_mem]"
"train","/home/wghong22/cellmap-segmentation-challenge/data/jrc_hela-3/jrc_hela-3.zarr","recon-1/em/fibsem-uint8","/home/wghong22/cellmap-segmentation-challenge/data/jrc_hela-3/jrc_hela-3.zarr","recon-1/labels/groundtruth/crop101/[lyso,lyso_lum,lyso_mem]"
"train","/home/wghong22/cellmap-segmentation-challenge/data/jrc_hela-3/jrc_hela-3.zarr","recon-1/em/fibsem-uint8","/home/wghong22/cellmap-segmentation-challenge/data/jrc_hela-3/jrc_hela-3.zarr","recon-1/labels/groundtruth/crop64/[lyso,lyso_lum,lyso_mem]"
"train","/home/wghong22/cellmap-segmentation-challenge/data/jrc_hela-3/jrc_hela-3.zarr","recon-1/em/fibsem-uint8","/home/wghong22/cellmap-segmentation-challenge/data/jrc_hela-3/jrc_hela-3.zarr","recon-1/labels/groundtruth/crop86/[lyso,lyso_lum,lyso_mem]"
"train","/home/wghong22/cellmap-segmentation-challenge/data/jrc_hela-3/jrc_hela-3.zarr","recon-1/em/fibsem-uint8","/home/wghong22/cellmap-segmentation-challenge/data/jrc_hela-3/jrc_hela-3.zarr","recon-1/labels/groundtruth/crop111/[lyso,lyso_lum,lyso_mem]"
"train","/home/wghong22/cellmap-segmentation-challenge/data/jrc_hela-3/jrc_hela-3.zarr","recon-1/em/fibsem-uint8","/home/wghong22/cellmap-segmentation-challenge/data/jrc_hela-3/jrc_hela-3.zarr","recon-1/labels/groundtruth/crop181/[lyso,lyso_lum,lyso_mem]"
"train","/home/wghong22/cellmap-segmentation-challenge/data/jrc_hela-3/jrc_hela-3.zarr","recon-1/em/fibsem-uint8","/home/wghong22/cellmap-segmentation-challenge/data/jrc_hela-3/jrc_hela-3.zarr","recon-1/labels/groundtruth/crop60/[lyso,lyso_lum,lyso_mem]"
"train","/home/wghong22/cellmap-segmentation-challenge/data/jrc_hela-3/jrc_hela-3.zarr","recon-1/em/fibsem-uint8","/home/wghong22/cellmap-segmentation-challenge/data/jrc_hela-3/jrc_hela-3.zarr","recon-1/labels/groundtruth/crop87/[lyso,lyso_lum,lyso_mem]"
"train","/home/wghong22/cellmap-segmentation-challenge/data/jrc_hela-3/jrc_hela-3.zarr","recon-1/em/fibsem-uint8","/home/wghong22/cellmap-segmentation-challenge/data/jrc_hela-3/jrc_hela-3.zarr","recon-1/labels/groundtruth/crop62/[lyso,lyso_lum,lyso_mem]"
"train","/home/wghong22/cellmap-segmentation-challenge/data/jrc_hela-3/jrc_hela-3.zarr","recon-1/em/fibsem-uint8","/home/wghong22/cellmap-segmentation-challenge/data/jrc_hela-3/jrc_hela-3.zarr","recon-1/labels/groundtruth/crop34/[lyso,lyso_lum,lyso_mem]"
"train","/home/wghong22/cellmap-segmentation-challenge/data/jrc_hela-3/jrc_hela-3.zarr","recon-1/em/fibsem-uint8","/home/wghong22/cellmap-segmentation-challenge/data/jrc_hela-3/jrc_hela-3.zarr","recon-1/labels/groundtruth/crop100/[lyso,lyso_lum,lyso_mem]"
"train","/home/wghong22/cellmap-segmentation-challenge/data/jrc_hela-3/jrc_hela-3.zarr","recon-1/em/fibsem-uint8","/home/wghong22/cellmap-segmentation-challenge/data/jrc_hela-3/jrc_hela-3.zarr","recon-1/labels/groundtruth/crop102/[lyso,lyso_lum,lyso_mem]"
"train","/home/wghong22/cellmap-segmentation-challenge/data/jrc_hela-3/jrc_hela-3.zarr","recon-1/em/fibsem-uint8","/home/wghong22/cellmap-segmentation-challenge/data/jrc_hela-3/jrc_hela-3.zarr","recon-1/labels/groundtruth/crop50/[lyso,lyso_lum,lyso_mem]"
"train","/home/wghong22/cellmap-segmentation-challenge/data/jrc_hela-3/jrc_hela-3.zarr","recon-1/em/fibsem-uint8","/home/wghong22/cellmap-segmentation-challenge/data/jrc_hela-3/jrc_hela-3.zarr","recon-1/labels/groundtruth/crop65/[lyso,lyso_lum,lyso_mem]"
"train","/home/wghong22/cellmap-segmentation-challenge/data/jrc_hela-3/jrc_hela-3.zarr","recon-1/em/fibsem-uint8","/home/wghong22/cellmap-segmentation-challenge/data/jrc_hela-3/jrc_hela-3.zarr","recon-1/labels/groundtruth/crop33/[lyso,lyso_lum,lyso_mem]"
"train","/home/wghong22/cellmap-segmentation-challenge/data/jrc_hela-3/jrc_hela-3.zarr","recon-1/em/fibsem-uint8","/home/wghong22/cellmap-segmentation-challenge/data/jrc_hela-3/jrc_hela-3.zarr","recon-1/labels/groundtruth/crop27/[lyso,lyso_lum,lyso_mem]"
"train","/home/wghong22/cellmap-segmentation-challenge/data/jrc_hela-3/jrc_hela-3.zarr","recon-1/em/fibsem-uint8","/home/wghong22/cellmap-segmentation-challenge/data/jrc_hela-3/jrc_hela-3.zarr","recon-1/labels/groundtruth/crop51/[lyso,lyso_lum,lyso_mem]"
"validate","/home/wghong22/cellmap-segmentation-challenge/data/jrc_cos7-1a/jrc_cos7-1a.zarr","recon-1/em/fibsem-uint8","/home/wghong22/cellmap-segmentation-challenge/data/jrc_cos7-1a/jrc_cos7-1a.zarr","recon-1/labels/groundtruth/crop252/[lyso,lyso_lum,lyso_mem]"
"train","/home/wghong22/cellmap-segmentation-challenge/data/jrc_cos7-1a/jrc_cos7-1a.zarr","recon-1/em/fibsem-uint8","/home/wghong22/cellmap-segmentation-challenge/data/jrc_cos7-1a/jrc_cos7-1a.zarr","recon-1/labels/groundtruth/crop243/[lyso,lyso_lum,lyso_mem]"
"train","/home/wghong22/cellmap-segmentation-challenge/data/jrc_cos7-1a/jrc_cos7-1a.zarr","recon-1/em/fibsem-uint8","/home/wghong22/cellmap-segmentation-challenge/data/jrc_cos7-1a/jrc_cos7-1a.zarr","recon-1/labels/groundtruth/crop256/[lyso,lyso_lum,lyso_mem]"
"train","/home/wghong22/cellmap-segmentation-challenge/data/jrc_cos7-1a/jrc_cos7-1a.zarr","recon-1/em/fibsem-uint8","/home/wghong22/cellmap-segmentation-challenge/data/jrc_cos7-1a/jrc_cos7-1a.zarr","recon-1/labels/groundtruth/crop237/[lyso,lyso_lum,lyso_mem]"
"validate","/home/wghong22/cellmap-segmentation-challenge/data/jrc_cos7-1a/jrc_cos7-1a.zarr","recon-1/em/fibsem-uint8","/home/wghong22/cellmap-segmentation-challenge/data/jrc_cos7-1a/jrc_cos7-1a.zarr","recon-1/labels/groundtruth/crop236/[lyso,lyso_lum,lyso_mem]"
"train","/home/wghong22/cellmap-segmentation-challenge/data/jrc_cos7-1a/jrc_cos7-1a.zarr","recon-1/em/fibsem-uint8","/home/wghong22/cellmap-segmentation-challenge/data/jrc_cos7-1a/jrc_cos7-1a.zarr","recon-1/labels/groundtruth/crop292/[lyso,lyso_lum,lyso_mem]"
"train","/home/wghong22/cellmap-segmentation-challenge/data/jrc_cos7-1a/jrc_cos7-1a.zarr","recon-1/em/fibsem-uint8","/home/wghong22/cellmap-segmentation-challenge/data/jrc_cos7-1a/jrc_cos7-1a.zarr","recon-1/labels/groundtruth/crop234/[lyso,lyso_lum,lyso_mem]"
"train","/home/wghong22/cellmap-segmentation-challenge/data/jrc_cos7-1a/jrc_cos7-1a.zarr","recon-1/em/fibsem-uint8","/home/wghong22/cellmap-segmentation-challenge/data/jrc_cos7-1a/jrc_cos7-1a.zarr","recon-1/labels/groundtruth/crop248/[lyso,lyso_lum,lyso_mem]"
"train","/home/wghong22/cellmap-segmentation-challenge/data/jrc_cos7-1a/jrc_cos7-1a.zarr","recon-1/em/fibsem-uint8","/home/wghong22/cellmap-segmentation-challenge/data/jrc_cos7-1a/jrc_cos7-1a.zarr","recon-1/labels/groundtruth/crop239/[lyso,lyso_lum,lyso_mem]"
"train","/home/wghong22/cellmap-segmentation-challenge/data/jrc_cos7-1a/jrc_cos7-1a.zarr","recon-1/em/fibsem-uint8","/home/wghong22/cellmap-segmentation-challenge/data/jrc_cos7-1a/jrc_cos7-1a.zarr","recon-1/labels/groundtruth/crop247/[lyso,lyso_lum,lyso_mem]"
"train","/home/wghong22/cellmap-segmentation-challenge/data/jrc_cos7-1a/jrc_cos7-1a.zarr","recon-1/em/fibsem-uint8","/home/wghong22/cellmap-segmentation-challenge/data/jrc_cos7-1a/jrc_cos7-1a.zarr","recon-1/labels/groundtruth/crop254/[lyso,lyso_lum,lyso_mem]"
"train","/home/wghong22/cellmap-segmentation-challenge/data/jrc_ctl-id8-1/jrc_ctl-id8-1.zarr","recon-1/em/fibsem-uint8","/home/wghong22/cellmap-segmentation-challenge/data/jrc_ctl-id8-1/jrc_ctl-id8-1.zarr","recon-1/labels/groundtruth/crop117/[lyso,lyso_lum,lyso_mem]"
"train","/home/wghong22/cellmap-segmentation-challenge/data/jrc_ctl-id8-1/jrc_ctl-id8-1.zarr","recon-1/em/fibsem-uint8","/home/wghong22/cellmap-segmentation-challenge/data/jrc_ctl-id8-1/jrc_ctl-id8-1.zarr","recon-1/labels/groundtruth/crop118/[lyso,lyso_lum,lyso_mem]"
"train","/home/wghong22/cellmap-segmentation-challenge/data/jrc_ctl-id8-1/jrc_ctl-id8-1.zarr","recon-1/em/fibsem-uint8","/home/wghong22/cellmap-segmentation-challenge/data/jrc_ctl-id8-1/jrc_ctl-id8-1.zarr","recon-1/labels/groundtruth/crop119/[lyso,lyso_lum,lyso_mem]"
"validate","/home/wghong22/cellmap-segmentation-challenge/data/jrc_ctl-id8-1/jrc_ctl-id8-1.zarr","recon-1/em/fibsem-uint8","/home/wghong22/cellmap-segmentation-challenge/data/jrc_ctl-id8-1/jrc_ctl-id8-1.zarr","recon-1/labels/groundtruth/crop130/[lyso,lyso_lum,lyso_mem]"
"train","/home/wghong22/cellmap-segmentation-challenge/data/jrc_ctl-id8-1/jrc_ctl-id8-1.zarr","recon-1/em/fibsem-uint8","/home/wghong22/cellmap-segmentation-challenge/data/jrc_ctl-id8-1/jrc_ctl-id8-1.zarr","recon-1/labels/groundtruth/crop116/[lyso,lyso_lum,lyso_mem]"
"train","/home/wghong22/cellmap-segmentation-challenge/data/jrc_ut21-1413-003/jrc_ut21-1413-003.zarr","recon-1/em/fibsem-uint8","/home/wghong22/cellmap-segmentation-challenge/data/jrc_ut21-1413-003/jrc_ut21-1413-003.zarr","recon-1/labels/groundtruth/crop197/[lyso,lyso_lum,lyso_mem]"
"train","/home/wghong22/cellmap-segmentation-challenge/data/jrc_ut21-1413-003/jrc_ut21-1413-003.zarr","recon-1/em/fibsem-uint8","/home/wghong22/cellmap-segmentation-challenge/data/jrc_ut21-1413-003/jrc_ut21-1413-003.zarr","recon-1/labels/groundtruth/crop196/[lyso,lyso_lum,lyso_mem]"
"train","/home/wghong22/cellmap-segmentation-challenge/data/jrc_ut21-1413-003/jrc_ut21-1413-003.zarr","recon-1/em/fibsem-uint8","/home/wghong22/cellmap-segmentation-challenge/data/jrc_ut21-1413-003/jrc_ut21-1413-003.zarr","recon-1/labels/groundtruth/crop225/[lyso,lyso_lum,lyso_mem]"
"validate","/home/wghong22/cellmap-segmentation-challenge/data/jrc_ut21-1413-003/jrc_ut21-1413-003.zarr","recon-1/em/fibsem-uint8","/home/wghong22/cellmap-segmentation-challenge/data/jrc_ut21-1413-003/jrc_ut21-1413-003.zarr","recon-1/labels/groundtruth/crop190/[lyso,lyso_lum,lyso_mem]"
"validate","/home/wghong22/cellmap-segmentation-challenge/data/jrc_ut21-1413-003/jrc_ut21-1413-003.zarr","recon-1/em/fibsem-uint8","/home/wghong22/cellmap-segmentation-challenge/data/jrc_ut21-1413-003/jrc_ut21-1413-003.zarr","recon-1/labels/groundtruth/crop222/[lyso,lyso_lum,lyso_mem]"
"train","/home/wghong22/cellmap-segmentation-challenge/data/jrc_ut21-1413-003/jrc_ut21-1413-003.zarr","recon-1/em/fibsem-uint8","/home/wghong22/cellmap-segmentation-challenge/data/jrc_ut21-1413-003/jrc_ut21-1413-003.zarr","recon-1/labels/groundtruth/crop220/[lyso,lyso_lum,lyso_mem]"
"train","/home/wghong22/cellmap-segmentation-challenge/data/jrc_ut21-1413-003/jrc_ut21-1413-003.zarr","recon-1/em/fibsem-uint8","/home/wghong22/cellmap-segmentation-challenge/data/jrc_ut21-1413-003/jrc_ut21-1413-003.zarr","recon-1/labels/groundtruth/crop226/[lyso,lyso_lum,lyso_mem]"
"train","/home/wghong22/cellmap-segmentation-challenge/data/jrc_ut21-1413-003/jrc_ut21-1413-003.zarr","recon-1/em/fibsem-uint8","/home/wghong22/cellmap-segmentation-challenge/data/jrc_ut21-1413-003/jrc_ut21-1413-003.zarr","recon-1/labels/groundtruth/crop193/[lyso,lyso_lum,lyso_mem]"
"train","/home/wghong22/cellmap-segmentation-challenge/data/jrc_ut21-1413-003/jrc_ut21-1413-003.zarr","recon-1/em/fibsem-uint8","/home/wghong22/cellmap-segmentation-challenge/data/jrc_ut21-1413-003/jrc_ut21-1413-003.zarr","recon-1/labels/groundtruth/crop200/[lyso,lyso_lum,lyso_mem]"
"train","/home/wghong22/cellmap-segmentation-challenge/data/jrc_ut21-1413-003/jrc_ut21-1413-003.zarr","recon-1/em/fibsem-uint8","/home/wghong22/cellmap-segmentation-challenge/data/jrc_ut21-1413-003/jrc_ut21-1413-003.zarr","recon-1/labels/groundtruth/crop195/[lyso,lyso_lum,lyso_mem]"
"train","/home/wghong22/cellmap-segmentation-challenge/data/jrc_ut21-1413-003/jrc_ut21-1413-003.zarr","recon-1/em/fibsem-uint8","/home/wghong22/cellmap-segmentation-challenge/data/jrc_ut21-1413-003/jrc_ut21-1413-003.zarr","recon-1/labels/groundtruth/crop199/[lyso,lyso_lum,lyso_mem]"
"train","/home/wghong22/cellmap-segmentation-challenge/data/jrc_ut21-1413-003/jrc_ut21-1413-003.zarr","recon-1/em/fibsem-uint8","/home/wghong22/cellmap-segmentation-challenge/data/jrc_ut21-1413-003/jrc_ut21-1413-003.zarr","recon-1/labels/groundtruth/crop228/[lyso,lyso_lum,lyso_mem]"
"train","/home/wghong22/cellmap-segmentation-challenge/data/jrc_ut21-1413-003/jrc_ut21-1413-003.zarr","recon-1/em/fibsem-uint8","/home/wghong22/cellmap-segmentation-challenge/data/jrc_ut21-1413-003/jrc_ut21-1413-003.zarr","recon-1/labels/groundtruth/crop214/[lyso,lyso_lum,lyso_mem]"
"train","/home/wghong22/cellmap-segmentation-challenge/data/jrc_ut21-1413-003/jrc_ut21-1413-003.zarr","recon-1/em/fibsem-uint8","/home/wghong22/cellmap-segmentation-challenge/data/jrc_ut21-1413-003/jrc_ut21-1413-003.zarr","recon-1/labels/groundtruth/crop192/[lyso,lyso_lum,lyso_mem]"
"validate","/home/wghong22/cellmap-segmentation-challenge/data/jrc_ut21-1413-003/jrc_ut21-1413-003.zarr","recon-1/em/fibsem-uint8","/home/wghong22/cellmap-segmentation-challenge/data/jrc_ut21-1413-003/jrc_ut21-1413-003.zarr","recon-1/labels/groundtruth/crop198/[lyso,lyso_lum,lyso_mem]"
"train","/home/wghong22/cellmap-segmentation-challenge/data/jrc_ut21-1413-003/jrc_ut21-1413-003.zarr","recon-1/em/fibsem-uint8","/home/wghong22/cellmap-segmentation-challenge/data/jrc_ut21-1413-003/jrc_ut21-1413-003.zarr","recon-1/labels/groundtruth/crop227/[lyso,lyso_lum,lyso_mem]"
"train","/home/wghong22/cellmap-segmentation-challenge/data/jrc_ut21-1413-003/jrc_ut21-1413-003.zarr","recon-1/em/fibsem-uint8","/home/wghong22/cellmap-segmentation-challenge/data/jrc_ut21-1413-003/jrc_ut21-1413-003.zarr","recon-1/labels/groundtruth/crop224/[lyso,lyso_lum,lyso_mem]"
"train","/home/wghong22/cellmap-segmentation-challenge/data/jrc_ut21-1413-003/jrc_ut21-1413-003.zarr","recon-1/em/fibsem-uint8","/home/wghong22/cellmap-segmentation-challenge/data/jrc_ut21-1413-003/jrc_ut21-1413-003.zarr","recon-1/labels/groundtruth/crop191/[lyso,lyso_lum,lyso_mem]"
"train","/home/wghong22/cellmap-segmentation-challenge/data/jrc_fly-mb-1a/jrc_fly-mb-1a.zarr","recon-1/em/fibsem-uint8","/home/wghong22/cellmap-segmentation-challenge/data/jrc_fly-mb-1a/jrc_fly-mb-1a.zarr","recon-1/labels/groundtruth/crop178/[lyso,lyso_lum,lyso_mem]"
"train","/home/wghong22/cellmap-segmentation-challenge/data/jrc_fly-mb-1a/jrc_fly-mb-1a.zarr","recon-1/em/fibsem-uint8","/home/wghong22/cellmap-segmentation-challenge/data/jrc_fly-mb-1a/jrc_fly-mb-1a.zarr","recon-1/labels/groundtruth/crop123/[lyso,lyso_lum,lyso_mem]"
"train","/home/wghong22/cellmap-segmentation-challenge/data/jrc_fly-mb-1a/jrc_fly-mb-1a.zarr","recon-1/em/fibsem-uint8","/home/wghong22/cellmap-segmentation-challenge/data/jrc_fly-mb-1a/jrc_fly-mb-1a.zarr","recon-1/labels/groundtruth/crop120/[lyso,lyso_lum,lyso_mem]"
"validate","/home/wghong22/cellmap-segmentation-challenge/data/jrc_fly-mb-1a/jrc_fly-mb-1a.zarr","recon-1/em/fibsem-uint8","/home/wghong22/cellmap-segmentation-challenge/data/jrc_fly-mb-1a/jrc_fly-mb-1a.zarr","recon-1/labels/groundtruth/crop122/[lyso,lyso_lum,lyso_mem]"
"train","/home/wghong22/cellmap-segmentation-challenge/data/jrc_fly-mb-1a/jrc_fly-mb-1a.zarr","recon-1/em/fibsem-uint8","/home/wghong22/cellmap-segmentation-challenge/data/jrc_fly-mb-1a/jrc_fly-mb-1a.zarr","recon-1/labels/groundtruth/crop121/[lyso,lyso_lum,lyso_mem]"
"validate","/home/wghong22/cellmap-segmentation-challenge/data/jrc_fly-mb-1a/jrc_fly-mb-1a.zarr","recon-1/em/fibsem-uint8","/home/wghong22/cellmap-segmentation-challenge/data/jrc_fly-mb-1a/jrc_fly-mb-1a.zarr","recon-1/labels/groundtruth/crop134/[lyso,lyso_lum,lyso_mem]"
"train","/home/wghong22/cellmap-segmentation-challenge/data/jrc_mus-nacc-1/jrc_mus-nacc-1.zarr","recon-1/em/fibsem-uint8","/home/wghong22/cellmap-segmentation-challenge/data/jrc_mus-nacc-1/jrc_mus-nacc-1.zarr","recon-1/labels/groundtruth/crop115/[lyso,lyso_lum,lyso_mem]"
"train","/home/wghong22/cellmap-segmentation-challenge/data/jrc_mus-liver-zon-1/jrc_mus-liver-zon-1.zarr","recon-1/em/fibsem-uint8","/home/wghong22/cellmap-segmentation-challenge/data/jrc_mus-liver-zon-1/jrc_mus-liver-zon-1.zarr","recon-1/labels/groundtruth/crop267/[lyso,lyso_lum,lyso_mem]"
"train","/home/wghong22/cellmap-segmentation-challenge/data/jrc_mus-liver-zon-1/jrc_mus-liver-zon-1.zarr","recon-1/em/fibsem-uint8","/home/wghong22/cellmap-segmentation-challenge/data/jrc_mus-liver-zon-1/jrc_mus-liver-zon-1.zarr","recon-1/labels/groundtruth/crop270/[lyso,lyso_lum,lyso_mem]"
"train","/home/wghong22/cellmap-segmentation-challenge/data/jrc_mus-liver-zon-1/jrc_mus-liver-zon-1.zarr","recon-1/em/fibsem-uint8","/home/wghong22/cellmap-segmentation-challenge/data/jrc_mus-liver-zon-1/jrc_mus-liver-zon-1.zarr","recon-1/labels/groundtruth/crop269/[lyso,lyso_lum,lyso_mem]"
"train","/home/wghong22/cellmap-segmentation-challenge/data/jrc_mus-liver-zon-1/jrc_mus-liver-zon-1.zarr","recon-1/em/fibsem-uint8","/home/wghong22/cellmap-segmentation-challenge/data/jrc_mus-liver-zon-1/jrc_mus-liver-zon-1.zarr","recon-1/labels/groundtruth/crop326/[lyso,lyso_lum,lyso_mem]"
"train","/home/wghong22/cellmap-segmentation-challenge/data/jrc_mus-liver-zon-1/jrc_mus-liver-zon-1.zarr","recon-1/em/fibsem-uint8","/home/wghong22/cellmap-segmentation-challenge/data/jrc_mus-liver-zon-1/jrc_mus-liver-zon-1.zarr","recon-1/labels/groundtruth/crop272/[lyso,lyso_lum,lyso_mem]"
"train","/home/wghong22/cellmap-segmentation-challenge/data/jrc_mus-liver-zon-1/jrc_mus-liver-zon-1.zarr","recon-1/em/fibsem-uint8","/home/wghong22/cellmap-segmentation-challenge/data/jrc_mus-liver-zon-1/jrc_mus-liver-zon-1.zarr","recon-1/labels/groundtruth/crop320/[lyso,lyso_lum,lyso_mem]"
"train","/home/wghong22/cellmap-segmentation-challenge/data/jrc_mus-liver-zon-1/jrc_mus-liver-zon-1.zarr","recon-1/em/fibsem-uint8","/home/wghong22/cellmap-segmentation-challenge/data/jrc_mus-liver-zon-1/jrc_mus-liver-zon-1.zarr","recon-1/labels/groundtruth/crop319/[lyso,lyso_lum,lyso_mem]"
"train","/home/wghong22/cellmap-segmentation-challenge/data/jrc_mus-liver-zon-1/jrc_mus-liver-zon-1.zarr","recon-1/em/fibsem-uint8","/home/wghong22/cellmap-segmentation-challenge/data/jrc_mus-liver-zon-1/jrc_mus-liver-zon-1.zarr","recon-1/labels/groundtruth/crop345/[lyso,lyso_lum,lyso_mem]"
"train","/home/wghong22/cellmap-segmentation-challenge/data/jrc_mus-liver-zon-1/jrc_mus-liver-zon-1.zarr","recon-1/em/fibsem-uint8","/home/wghong22/cellmap-segmentation-challenge/data/jrc_mus-liver-zon-1/jrc_mus-liver-zon-1.zarr","recon-1/labels/groundtruth/crop277/[lyso,lyso_lum,lyso_mem]"
"train","/home/wghong22/cellmap-segmentation-challenge/data/jrc_mus-liver-zon-1/jrc_mus-liver-zon-1.zarr","recon-1/em/fibsem-uint8","/home/wghong22/cellmap-segmentation-challenge/data/jrc_mus-liver-zon-1/jrc_mus-liver-zon-1.zarr","recon-1/labels/groundtruth/crop274/[lyso,lyso_lum,lyso_mem]"
"train","/home/wghong22/cellmap-segmentation-challenge/data/jrc_mus-liver-zon-1/jrc_mus-liver-zon-1.zarr","recon-1/em/fibsem-uint8","/home/wghong22/cellmap-segmentation-challenge/data/jrc_mus-liver-zon-1/jrc_mus-liver-zon-1.zarr","recon-1/labels/groundtruth/crop278/[lyso,lyso_lum,lyso_mem]"
"train","/home/wghong22/cellmap-segmentation-challenge/data/jrc_mus-liver-zon-1/jrc_mus-liver-zon-1.zarr","recon-1/em/fibsem-uint8","/home/wghong22/cellmap-segmentation-challenge/data/jrc_mus-liver-zon-1/jrc_mus-liver-zon-1.zarr","recon-1/labels/groundtruth/crop279/[lyso,lyso_lum,lyso_mem]"
"train","/home/wghong22/cellmap-segmentation-challenge/data/jrc_mus-liver-zon-1/jrc_mus-liver-zon-1.zarr","recon-1/em/fibsem-uint8","/home/wghong22/cellmap-segmentation-challenge/data/jrc_mus-liver-zon-1/jrc_mus-liver-zon-1.zarr","recon-1/labels/groundtruth/crop325/[lyso,lyso_lum,lyso_mem]"
"train","/home/wghong22/cellmap-segmentation-challenge/data/jrc_mus-liver-zon-1/jrc_mus-liver-zon-1.zarr","recon-1/em/fibsem-uint8","/home/wghong22/cellmap-segmentation-challenge/data/jrc_mus-liver-zon-1/jrc_mus-liver-zon-1.zarr","recon-1/labels/groundtruth/crop275/[lyso,lyso_lum,lyso_mem]"
"train","/home/wghong22/cellmap-segmentation-challenge/data/jrc_mus-liver-zon-1/jrc_mus-liver-zon-1.zarr","recon-1/em/fibsem-uint8","/home/wghong22/cellmap-segmentation-challenge/data/jrc_mus-liver-zon-1/jrc_mus-liver-zon-1.zarr","recon-1/labels/groundtruth/crop280/[lyso,lyso_lum,lyso_mem]"
"train","/home/wghong22/cellmap-segmentation-challenge/data/jrc_mus-liver-zon-1/jrc_mus-liver-zon-1.zarr","recon-1/em/fibsem-uint8","/home/wghong22/cellmap-segmentation-challenge/data/jrc_mus-liver-zon-1/jrc_mus-liver-zon-1.zarr","recon-1/labels/groundtruth/crop313/[lyso,lyso_lum,lyso_mem]"
"train","/home/wghong22/cellmap-segmentation-challenge/data/jrc_mus-liver-zon-1/jrc_mus-liver-zon-1.zarr","recon-1/em/fibsem-uint8","/home/wghong22/cellmap-segmentation-challenge/data/jrc_mus-liver-zon-1/jrc_mus-liver-zon-1.zarr","recon-1/labels/groundtruth/crop273/[lyso,lyso_lum,lyso_mem]"
"train","/home/wghong22/cellmap-segmentation-challenge/data/jrc_mus-liver-zon-1/jrc_mus-liver-zon-1.zarr","recon-1/em/fibsem-uint8","/home/wghong22/cellmap-segmentation-challenge/data/jrc_mus-liver-zon-1/jrc_mus-liver-zon-1.zarr","recon-1/labels/groundtruth/crop276/[lyso,lyso_lum,lyso_mem]"
"train","/home/wghong22/cellmap-segmentation-challenge/data/jrc_mus-liver-zon-1/jrc_mus-liver-zon-1.zarr","recon-1/em/fibsem-uint8","/home/wghong22/cellmap-segmentation-challenge/data/jrc_mus-liver-zon-1/jrc_mus-liver-zon-1.zarr","recon-1/labels/groundtruth/crop268/[lyso,lyso_lum,lyso_mem]"
"train","/home/wghong22/cellmap-segmentation-challenge/data/jrc_mus-liver-zon-1/jrc_mus-liver-zon-1.zarr","recon-1/em/fibsem-uint8","/home/wghong22/cellmap-segmentation-challenge/data/jrc_mus-liver-zon-1/jrc_mus-liver-zon-1.zarr","recon-1/labels/groundtruth/crop322/[lyso,lyso_lum,lyso_mem]"
"train","/home/wghong22/cellmap-segmentation-challenge/data/jrc_mus-liver-zon-1/jrc_mus-liver-zon-1.zarr","recon-1/em/fibsem-uint8","/home/wghong22/cellmap-segmentation-challenge/data/jrc_mus-liver-zon-1/jrc_mus-liver-zon-1.zarr","recon-1/labels/groundtruth/crop298/[lyso,lyso_lum,lyso_mem]"
"train","/home/wghong22/cellmap-segmentation-challenge/data/jrc_mus-liver-zon-1/jrc_mus-liver-zon-1.zarr","recon-1/em/fibsem-uint8","/home/wghong22/cellmap-segmentation-challenge/data/jrc_mus-liver-zon-1/jrc_mus-liver-zon-1.zarr","recon-1/labels/groundtruth/crop321/[lyso,lyso_lum,lyso_mem]"
"train","/home/wghong22/cellmap-segmentation-challenge/data/jrc_mus-liver-zon-1/jrc_mus-liver-zon-1.zarr","recon-1/em/fibsem-uint8","/home/wghong22/cellmap-segmentation-challenge/data/jrc_mus-liver-zon-1/jrc_mus-liver-zon-1.zarr","recon-1/labels/groundtruth/crop266/[lyso,lyso_lum,lyso_mem]"
"train","/home/wghong22/cellmap-segmentation-challenge/data/jrc_mus-liver-zon-1/jrc_mus-liver-zon-1.zarr","recon-1/em/fibsem-uint8","/home/wghong22/cellmap-segmentation-challenge/data/jrc_mus-liver-zon-1/jrc_mus-liver-zon-1.zarr","recon-1/labels/groundtruth/crop323/[lyso,lyso_lum,lyso_mem]"
"train","/home/wghong22/cellmap-segmentation-challenge/data/jrc_mus-liver-zon-1/jrc_mus-liver-zon-1.zarr","recon-1/em/fibsem-uint8","/home/wghong22/cellmap-segmentation-challenge/data/jrc_mus-liver-zon-1/jrc_mus-liver-zon-1.zarr","recon-1/labels/groundtruth/crop377/[lyso,lyso_lum,lyso_mem]"
"train","/home/wghong22/cellmap-segmentation-challenge/data/jrc_macrophage-2/jrc_macrophage-2.zarr","recon-1/em/fibsem-uint8","/home/wghong22/cellmap-segmentation-challenge/data/jrc_macrophage-2/jrc_macrophage-2.zarr","recon-1/labels/groundtruth/crop73/[lyso,lyso_lum,lyso_mem]"
"train","/home/wghong22/cellmap-segmentation-challenge/data/jrc_macrophage-2/jrc_macrophage-2.zarr","recon-1/em/fibsem-uint8","/home/wghong22/cellmap-segmentation-challenge/data/jrc_macrophage-2/jrc_macrophage-2.zarr","recon-1/labels/groundtruth/crop48/[lyso,lyso_lum,lyso_mem]"
"validate","/home/wghong22/cellmap-segmentation-challenge/data/jrc_macrophage-2/jrc_macrophage-2.zarr","recon-1/em/fibsem-uint8","/home/wghong22/cellmap-segmentation-challenge/data/jrc_macrophage-2/jrc_macrophage-2.zarr","recon-1/labels/groundtruth/crop39/[lyso,lyso_lum,lyso_mem]"
"train","/home/wghong22/cellmap-segmentation-challenge/data/jrc_macrophage-2/jrc_macrophage-2.zarr","recon-1/em/fibsem-uint8","/home/wghong22/cellmap-segmentation-challenge/data/jrc_macrophage-2/jrc_macrophage-2.zarr","recon-1/labels/groundtruth/crop74/[lyso,lyso_lum,lyso_mem]"
"train","/home/wghong22/cellmap-segmentation-challenge/data/jrc_macrophage-2/jrc_macrophage-2.zarr","recon-1/em/fibsem-uint8","/home/wghong22/cellmap-segmentation-challenge/data/jrc_macrophage-2/jrc_macrophage-2.zarr","recon-1/labels/groundtruth/crop88/[lyso,lyso_lum,lyso_mem]"
"train","/home/wghong22/cellmap-segmentation-challenge/data/jrc_macrophage-2/jrc_macrophage-2.zarr","recon-1/em/fibsem-uint8","/home/wghong22/cellmap-segmentation-challenge/data/jrc_macrophage-2/jrc_macrophage-2.zarr","recon-1/labels/groundtruth/crop40/[lyso,lyso_lum,lyso_mem]"
"train","/home/wghong22/cellmap-segmentation-challenge/data/jrc_macrophage-2/jrc_macrophage-2.zarr","recon-1/em/fibsem-uint8","/home/wghong22/cellmap-segmentation-challenge/data/jrc_macrophage-2/jrc_macrophage-2.zarr","recon-1/labels/groundtruth/crop89/[lyso,lyso_lum,lyso_mem]"
"train","/home/wghong22/cellmap-segmentation-challenge/data/jrc_macrophage-2/jrc_macrophage-2.zarr","recon-1/em/fibsem-uint8","/home/wghong22/cellmap-segmentation-challenge/data/jrc_macrophage-2/jrc_macrophage-2.zarr","recon-1/labels/groundtruth/crop31/[lyso,lyso_lum,lyso_mem]"
"train","/home/wghong22/cellmap-segmentation-challenge/data/jrc_macrophage-2/jrc_macrophage-2.zarr","recon-1/em/fibsem-uint8","/home/wghong22/cellmap-segmentation-challenge/data/jrc_macrophage-2/jrc_macrophage-2.zarr","recon-1/labels/groundtruth/crop77/[lyso,lyso_lum,lyso_mem]"
"train","/home/wghong22/cellmap-segmentation-challenge/data/jrc_macrophage-2/jrc_macrophage-2.zarr","recon-1/em/fibsem-uint8","/home/wghong22/cellmap-segmentation-challenge/data/jrc_macrophage-2/jrc_macrophage-2.zarr","recon-1/labels/groundtruth/crop76/[lyso,lyso_lum,lyso_mem]"
"train","/home/wghong22/cellmap-segmentation-challenge/data/jrc_macrophage-2/jrc_macrophage-2.zarr","recon-1/em/fibsem-uint8","/home/wghong22/cellmap-segmentation-challenge/data/jrc_macrophage-2/jrc_macrophage-2.zarr","recon-1/labels/groundtruth/crop49/[lyso,lyso_lum,lyso_mem]"
"train","/home/wghong22/cellmap-segmentation-challenge/data/jrc_macrophage-2/jrc_macrophage-2.zarr","recon-1/em/fibsem-uint8","/home/wghong22/cellmap-segmentation-challenge/data/jrc_macrophage-2/jrc_macrophage-2.zarr","recon-1/labels/groundtruth/crop75/[lyso,lyso_lum,lyso_mem]"
"train","/home/wghong22/cellmap-segmentation-challenge/data/jrc_macrophage-2/jrc_macrophage-2.zarr","recon-1/em/fibsem-uint8","/home/wghong22/cellmap-segmentation-challenge/data/jrc_macrophage-2/jrc_macrophage-2.zarr","recon-1/labels/groundtruth/crop90/[lyso,lyso_lum,lyso_mem]"
"train","/home/wghong22/cellmap-segmentation-challenge/data/jrc_macrophage-2/jrc_macrophage-2.zarr","recon-1/em/fibsem-uint8","/home/wghong22/cellmap-segmentation-challenge/data/jrc_macrophage-2/jrc_macrophage-2.zarr","recon-1/labels/groundtruth/crop109/[lyso,lyso_lum,lyso_mem]"
"train","/home/wghong22/cellmap-segmentation-challenge/data/jrc_macrophage-2/jrc_macrophage-2.zarr","recon-1/em/fibsem-uint8","/home/wghong22/cellmap-segmentation-challenge/data/jrc_macrophage-2/jrc_macrophage-2.zarr","recon-1/labels/groundtruth/crop42/[lyso,lyso_lum,lyso_mem]"
"train","/home/wghong22/cellmap-segmentation-challenge/data/jrc_macrophage-2/jrc_macrophage-2.zarr","recon-1/em/fibsem-uint8","/home/wghong22/cellmap-segmentation-challenge/data/jrc_macrophage-2/jrc_macrophage-2.zarr","recon-1/labels/groundtruth/crop72/[lyso,lyso_lum,lyso_mem]"
"train","/home/wghong22/cellmap-segmentation-challenge/data/jrc_macrophage-2/jrc_macrophage-2.zarr","recon-1/em/fibsem-uint8","/home/wghong22/cellmap-segmentation-challenge/data/jrc_macrophage-2/jrc_macrophage-2.zarr","recon-1/labels/groundtruth/crop32/[lyso,lyso_lum,lyso_mem]"
"train","/home/wghong22/cellmap-segmentation-challenge/data/jrc_macrophage-2/jrc_macrophage-2.zarr","recon-1/em/fibsem-uint8","/home/wghong22/cellmap-segmentation-challenge/data/jrc_macrophage-2/jrc_macrophage-2.zarr","recon-1/labels/groundtruth/crop110/[lyso,lyso_lum,lyso_mem]"
"train","/home/wghong22/cellmap-segmentation-challenge/data/jrc_fly-vnc-1/jrc_fly-vnc-1.zarr","recon-1/em/fibsem-uint8","/home/wghong22/cellmap-segmentation-challenge/data/jrc_fly-vnc-1/jrc_fly-vnc-1.zarr","recon-1/labels/groundtruth/crop78/[lyso,lyso_lum,lyso_mem]"
"train","/home/wghong22/cellmap-segmentation-challenge/data/jrc_fly-vnc-1/jrc_fly-vnc-1.zarr","recon-1/em/fibsem-uint8","/home/wghong22/cellmap-segmentation-challenge/data/jrc_fly-vnc-1/jrc_fly-vnc-1.zarr","recon-1/labels/groundtruth/crop79/[lyso,lyso_lum,lyso_mem]"
"train","/home/wghong22/cellmap-segmentation-challenge/data/jrc_fly-vnc-1/jrc_fly-vnc-1.zarr","recon-1/em/fibsem-uint8","/home/wghong22/cellmap-segmentation-challenge/data/jrc_fly-vnc-1/jrc_fly-vnc-1.zarr","recon-1/labels/groundtruth/crop173/[lyso,lyso_lum,lyso_mem]"
"train","/home/wghong22/cellmap-segmentation-challenge/data/jrc_fly-vnc-1/jrc_fly-vnc-1.zarr","recon-1/em/fibsem-uint8","/home/wghong22/cellmap-segmentation-challenge/data/jrc_fly-vnc-1/jrc_fly-vnc-1.zarr","recon-1/labels/groundtruth/crop185/[lyso,lyso_lum,lyso_mem]"
"train","/home/wghong22/cellmap-segmentation-challenge/data/jrc_fly-vnc-1/jrc_fly-vnc-1.zarr","recon-1/em/fibsem-uint8","/home/wghong22/cellmap-segmentation-challenge/data/jrc_fly-vnc-1/jrc_fly-vnc-1.zarr","recon-1/labels/groundtruth/crop176/[lyso,lyso_lum,lyso_mem]"
"validate","/home/wghong22/cellmap-segmentation-challenge/data/jrc_fly-vnc-1/jrc_fly-vnc-1.zarr","recon-1/em/fibsem-uint8","/home/wghong22/cellmap-segmentation-challenge/data/jrc_fly-vnc-1/jrc_fly-vnc-1.zarr","recon-1/labels/groundtruth/crop174/[lyso,lyso_lum,lyso_mem]"
"validate","/home/wghong22/cellmap-segmentation-challenge/data/jrc_sum159-1/jrc_sum159-1.zarr","recon-1/em/fibsem-uint8","/home/wghong22/cellmap-segmentation-challenge/data/jrc_sum159-1/jrc_sum159-1.zarr","recon-1/labels/groundtruth/crop99/[lyso,lyso_lum,lyso_mem]"
"train","/home/wghong22/cellmap-segmentation-challenge/data/jrc_sum159-1/jrc_sum159-1.zarr","recon-1/em/fibsem-uint8","/home/wghong22/cellmap-segmentation-challenge/data/jrc_sum159-1/jrc_sum159-1.zarr","recon-1/labels/groundtruth/crop81/[lyso,lyso_lum,lyso_mem]"
"validate","/home/wghong22/cellmap-segmentation-challenge/data/jrc_sum159-1/jrc_sum159-1.zarr","recon-1/em/fibsem-uint8","/home/wghong22/cellmap-segmentation-challenge/data/jrc_sum159-1/jrc_sum159-1.zarr","recon-1/labels/groundtruth/crop80/[lyso,lyso_lum,lyso_mem]"
"validate","/home/wghong22/cellmap-segmentation-challenge/data/jrc_sum159-1/jrc_sum159-1.zarr","recon-1/em/fibsem-uint8","/home/wghong22/cellmap-segmentation-challenge/data/jrc_sum159-1/jrc_sum159-1.zarr","recon-1/labels/groundtruth/crop98/[lyso,lyso_lum,lyso_mem]"
"train","/home/wghong22/cellmap-segmentation-challenge/data/jrc_sum159-1/jrc_sum159-1.zarr","recon-1/em/fibsem-uint8","/home/wghong22/cellmap-segmentation-challenge/data/jrc_sum159-1/jrc_sum159-1.zarr","recon-1/labels/groundtruth/crop82/[lyso,lyso_lum,lyso_mem]"
"train","/home/wghong22/cellmap-segmentation-challenge/data/jrc_sum159-1/jrc_sum159-1.zarr","recon-1/em/fibsem-uint8","/home/wghong22/cellmap-segmentation-challenge/data/jrc_sum159-1/jrc_sum159-1.zarr","recon-1/labels/groundtruth/crop20/[lyso,lyso_lum,lyso_mem]"
"train","/home/wghong22/cellmap-segmentation-challenge/data/jrc_sum159-1/jrc_sum159-1.zarr","recon-1/em/fibsem-uint8","/home/wghong22/cellmap-segmentation-challenge/data/jrc_sum159-1/jrc_sum159-1.zarr","recon-1/labels/groundtruth/crop26/[lyso,lyso_lum,lyso_mem]"
"validate","/home/wghong22/cellmap-segmentation-challenge/data/jrc_sum159-1/jrc_sum159-1.zarr","recon-1/em/fibsem-uint8","/home/wghong22/cellmap-segmentation-challenge/data/jrc_sum159-1/jrc_sum159-1.zarr","recon-1/labels/groundtruth/crop22/[lyso,lyso_lum,lyso_mem]"
"train","/home/wghong22/cellmap-segmentation-challenge/data/jrc_sum159-1/jrc_sum159-1.zarr","recon-1/em/fibsem-uint8","/home/wghong22/cellmap-segmentation-challenge/data/jrc_sum159-1/jrc_sum159-1.zarr","recon-1/labels/groundtruth/crop97/[lyso,lyso_lum,lyso_mem]"
"validate","/home/wghong22/cellmap-segmentation-challenge/data/jrc_sum159-1/jrc_sum159-1.zarr","recon-1/em/fibsem-uint8","/home/wghong22/cellmap-segmentation-challenge/data/jrc_sum159-1/jrc_sum159-1.zarr","recon-1/labels/groundtruth/crop84/[lyso,lyso_lum,lyso_mem]"
"train","/home/wghong22/cellmap-segmentation-challenge/data/jrc_sum159-1/jrc_sum159-1.zarr","recon-1/em/fibsem-uint8","/home/wghong22/cellmap-segmentation-challenge/data/jrc_sum159-1/jrc_sum159-1.zarr","recon-1/labels/groundtruth/crop83/[lyso,lyso_lum,lyso_mem]"
"validate","/home/wghong22/cellmap-segmentation-challenge/data/jrc_sum159-1/jrc_sum159-1.zarr","recon-1/em/fibsem-uint8","/home/wghong22/cellmap-segmentation-challenge/data/jrc_sum159-1/jrc_sum159-1.zarr","recon-1/labels/groundtruth/crop25/[lyso,lyso_lum,lyso_mem]"
"train","/home/wghong22/cellmap-segmentation-challenge/data/jrc_mus-liver/jrc_mus-liver.zarr","recon-1/em/fibsem-uint8","/home/wghong22/cellmap-segmentation-challenge/data/jrc_mus-liver/jrc_mus-liver.zarr","recon-1/labels/groundtruth/crop144/[lyso,lyso_lum,lyso_mem]"
"train","/home/wghong22/cellmap-segmentation-challenge/data/jrc_mus-liver/jrc_mus-liver.zarr","recon-1/em/fibsem-uint8","/home/wghong22/cellmap-segmentation-challenge/data/jrc_mus-liver/jrc_mus-liver.zarr","recon-1/labels/groundtruth/crop135/[lyso,lyso_lum,lyso_mem]"
"train","/home/wghong22/cellmap-segmentation-challenge/data/jrc_mus-liver/jrc_mus-liver.zarr","recon-1/em/fibsem-uint8","/home/wghong22/cellmap-segmentation-challenge/data/jrc_mus-liver/jrc_mus-liver.zarr","recon-1/labels/groundtruth/crop132/[lyso,lyso_lum,lyso_mem]"
"train","/home/wghong22/cellmap-segmentation-challenge/data/jrc_mus-liver/jrc_mus-liver.zarr","recon-1/em/fibsem-uint8","/home/wghong22/cellmap-segmentation-challenge/data/jrc_mus-liver/jrc_mus-liver.zarr","recon-1/labels/groundtruth/crop145/[lyso,lyso_lum,lyso_mem]"
"train","/home/wghong22/cellmap-segmentation-challenge/data/jrc_mus-liver/jrc_mus-liver.zarr","recon-1/em/fibsem-uint8","/home/wghong22/cellmap-segmentation-challenge/data/jrc_mus-liver/jrc_mus-liver.zarr","recon-1/labels/groundtruth/crop136/[lyso,lyso_lum,lyso_mem]"
"train","/home/wghong22/cellmap-segmentation-challenge/data/jrc_mus-liver/jrc_mus-liver.zarr","recon-1/em/fibsem-uint8","/home/wghong22/cellmap-segmentation-challenge/data/jrc_mus-liver/jrc_mus-liver.zarr","recon-1/labels/groundtruth/crop137/[lyso,lyso_lum,lyso_mem]"
"train","/home/wghong22/cellmap-segmentation-challenge/data/jrc_mus-liver/jrc_mus-liver.zarr","recon-1/em/fibsem-uint8","/home/wghong22/cellmap-segmentation-challenge/data/jrc_mus-liver/jrc_mus-liver.zarr","recon-1/labels/groundtruth/crop150/[lyso,lyso_lum,lyso_mem]"
"validate","/home/wghong22/cellmap-segmentation-challenge/data/jrc_mus-liver/jrc_mus-liver.zarr","recon-1/em/fibsem-uint8","/home/wghong22/cellmap-segmentation-challenge/data/jrc_mus-liver/jrc_mus-liver.zarr","recon-1/labels/groundtruth/crop417/[lyso,lyso_lum,lyso_mem]"
"train","/home/wghong22/cellmap-segmentation-challenge/data/jrc_mus-liver/jrc_mus-liver.zarr","recon-1/em/fibsem-uint8","/home/wghong22/cellmap-segmentation-challenge/data/jrc_mus-liver/jrc_mus-liver.zarr","recon-1/labels/groundtruth/crop133/[lyso,lyso_lum,lyso_mem]"
"train","/home/wghong22/cellmap-segmentation-challenge/data/jrc_mus-liver/jrc_mus-liver.zarr","recon-1/em/fibsem-uint8","/home/wghong22/cellmap-segmentation-challenge/data/jrc_mus-liver/jrc_mus-liver.zarr","recon-1/labels/groundtruth/crop143/[lyso,lyso_lum,lyso_mem]"
"train","/home/wghong22/cellmap-segmentation-challenge/data/jrc_mus-liver/jrc_mus-liver.zarr","recon-1/em/fibsem-uint8","/home/wghong22/cellmap-segmentation-challenge/data/jrc_mus-liver/jrc_mus-liver.zarr","recon-1/labels/groundtruth/crop142/[lyso,lyso_lum,lyso_mem]"
"train","/home/wghong22/cellmap-segmentation-challenge/data/jrc_mus-liver/jrc_mus-liver.zarr","recon-1/em/fibsem-uint8","/home/wghong22/cellmap-segmentation-challenge/data/jrc_mus-liver/jrc_mus-liver.zarr","recon-1/labels/groundtruth/crop172/[lyso,lyso_lum,lyso_mem]"
"train","/home/wghong22/cellmap-segmentation-challenge/data/jrc_mus-liver/jrc_mus-liver.zarr","recon-1/em/fibsem-uint8","/home/wghong22/cellmap-segmentation-challenge/data/jrc_mus-liver/jrc_mus-liver.zarr","recon-1/labels/groundtruth/crop157/[lyso,lyso_lum,lyso_mem]"
"train","/home/wghong22/cellmap-segmentation-challenge/data/jrc_mus-liver/jrc_mus-liver.zarr","recon-1/em/fibsem-uint8","/home/wghong22/cellmap-segmentation-challenge/data/jrc_mus-liver/jrc_mus-liver.zarr","recon-1/labels/groundtruth/crop151/[lyso,lyso_lum,lyso_mem]"
"train","/home/wghong22/cellmap-segmentation-challenge/data/jrc_mus-liver/jrc_mus-liver.zarr","recon-1/em/fibsem-uint8","/home/wghong22/cellmap-segmentation-challenge/data/jrc_mus-liver/jrc_mus-liver.zarr","recon-1/labels/groundtruth/crop138/[lyso,lyso_lum,lyso_mem]"
"train","/home/wghong22/cellmap-segmentation-challenge/data/jrc_mus-liver/jrc_mus-liver.zarr","recon-1/em/fibsem-uint8","/home/wghong22/cellmap-segmentation-challenge/data/jrc_mus-liver/jrc_mus-liver.zarr","recon-1/labels/groundtruth/crop171/[lyso,lyso_lum,lyso_mem]"
"validate","/home/wghong22/cellmap-segmentation-challenge/data/jrc_mus-liver/jrc_mus-liver.zarr","recon-1/em/fibsem-uint8","/home/wghong22/cellmap-segmentation-challenge/data/jrc_mus-liver/jrc_mus-liver.zarr","recon-1/labels/groundtruth/crop124/[lyso,lyso_lum,lyso_mem]"
"train","/home/wghong22/cellmap-segmentation-challenge/data/jrc_mus-liver/jrc_mus-liver.zarr","recon-1/em/fibsem-uint8","/home/wghong22/cellmap-segmentation-challenge/data/jrc_mus-liver/jrc_mus-liver.zarr","recon-1/labels/groundtruth/crop131/[lyso,lyso_lum,lyso_mem]"
"train","/home/wghong22/cellmap-segmentation-challenge/data/jrc_mus-liver/jrc_mus-liver.zarr","recon-1/em/fibsem-uint8","/home/wghong22/cellmap-segmentation-challenge/data/jrc_mus-liver/jrc_mus-liver.zarr","recon-1/labels/groundtruth/crop183/[lyso,lyso_lum,lyso_mem]"
"train","/home/wghong22/cellmap-segmentation-challenge/data/jrc_mus-liver/jrc_mus-liver.zarr","recon-1/em/fibsem-uint8","/home/wghong22/cellmap-segmentation-challenge/data/jrc_mus-liver/jrc_mus-liver.zarr","recon-1/labels/groundtruth/crop175/[lyso,lyso_lum,lyso_mem]"
"train","/home/wghong22/cellmap-segmentation-challenge/data/jrc_mus-liver/jrc_mus-liver.zarr","recon-1/em/fibsem-uint8","/home/wghong22/cellmap-segmentation-challenge/data/jrc_mus-liver/jrc_mus-liver.zarr","recon-1/labels/groundtruth/crop125/[lyso,lyso_lum,lyso_mem]"
"train","/home/wghong22/cellmap-segmentation-challenge/data/jrc_mus-liver/jrc_mus-liver.zarr","recon-1/em/fibsem-uint8","/home/wghong22/cellmap-segmentation-challenge/data/jrc_mus-liver/jrc_mus-liver.zarr","recon-1/labels/groundtruth/crop139/[lyso,lyso_lum,lyso_mem]"
"validate","/home/wghong22/cellmap-segmentation-challenge/data/jrc_mus-liver/jrc_mus-liver.zarr","recon-1/em/fibsem-uint8","/home/wghong22/cellmap-segmentation-challenge/data/jrc_mus-liver/jrc_mus-liver.zarr","recon-1/labels/groundtruth/crop416/[lyso,lyso_lum,lyso_mem]"
"train","/home/wghong22/cellmap-segmentation-challenge/data/jrc_hela-2/jrc_hela-2.zarr","recon-1/em/fibsem-uint8","/home/wghong22/cellmap-segmentation-challenge/data/jrc_hela-2/jrc_hela-2.zarr","recon-1/labels/groundtruth/crop155/[lyso,lyso_lum,lyso_mem]"
"train","/home/wghong22/cellmap-segmentation-challenge/data/jrc_hela-2/jrc_hela-2.zarr","recon-1/em/fibsem-uint8","/home/wghong22/cellmap-segmentation-challenge/data/jrc_hela-2/jrc_hela-2.zarr","recon-1/labels/groundtruth/crop94/[lyso,lyso_lum,lyso_mem]"
"train","/home/wghong22/cellmap-segmentation-challenge/data/jrc_hela-2/jrc_hela-2.zarr","recon-1/em/fibsem-uint8","/home/wghong22/cellmap-segmentation-challenge/data/jrc_hela-2/jrc_hela-2.zarr","recon-1/labels/groundtruth/crop7/[lyso,lyso_lum,lyso_mem]"
"train","/home/wghong22/cellmap-segmentation-challenge/data/jrc_hela-2/jrc_hela-2.zarr","recon-1/em/fibsem-uint8","/home/wghong22/cellmap-segmentation-challenge/data/jrc_hela-2/jrc_hela-2.zarr","recon-1/labels/groundtruth/crop14/[lyso,lyso_lum,lyso_mem]"
"train","/home/wghong22/cellmap-segmentation-challenge/data/jrc_hela-2/jrc_hela-2.zarr","recon-1/em/fibsem-uint8","/home/wghong22/cellmap-segmentation-challenge/data/jrc_hela-2/jrc_hela-2.zarr","recon-1/labels/groundtruth/crop18/[lyso,lyso_lum,lyso_mem]"
"train","/home/wghong22/cellmap-segmentation-challenge/data/jrc_hela-2/jrc_hela-2.zarr","recon-1/em/fibsem-uint8","/home/wghong22/cellmap-segmentation-challenge/data/jrc_hela-2/jrc_hela-2.zarr","recon-1/labels/groundtruth/crop16/[lyso,lyso_lum,lyso_mem]"
"train","/home/wghong22/cellmap-segmentation-challenge/data/jrc_hela-2/jrc_hela-2.zarr","recon-1/em/fibsem-uint8","/home/wghong22/cellmap-segmentation-challenge/data/jrc_hela-2/jrc_hela-2.zarr","recon-1/labels/groundtruth/crop28/[lyso,lyso_lum,lyso_mem]"
"train","/home/wghong22/cellmap-segmentation-challenge/data/jrc_hela-2/jrc_hela-2.zarr","recon-1/em/fibsem-uint8","/home/wghong22/cellmap-segmentation-challenge/data/jrc_hela-2/jrc_hela-2.zarr","recon-1/labels/groundtruth/crop23/[lyso,lyso_lum,lyso_mem]"
"train","/home/wghong22/cellmap-segmentation-challenge/data/jrc_hela-2/jrc_hela-2.zarr","recon-1/em/fibsem-uint8","/home/wghong22/cellmap-segmentation-challenge/data/jrc_hela-2/jrc_hela-2.zarr","recon-1/labels/groundtruth/crop54/[lyso,lyso_lum,lyso_mem]"
"train","/home/wghong22/cellmap-segmentation-challenge/data/jrc_hela-2/jrc_hela-2.zarr","recon-1/em/fibsem-uint8","/home/wghong22/cellmap-segmentation-challenge/data/jrc_hela-2/jrc_hela-2.zarr","recon-1/labels/groundtruth/crop56/[lyso,lyso_lum,lyso_mem]"
"train","/home/wghong22/cellmap-segmentation-challenge/data/jrc_hela-2/jrc_hela-2.zarr","recon-1/em/fibsem-uint8","/home/wghong22/cellmap-segmentation-challenge/data/jrc_hela-2/jrc_hela-2.zarr","recon-1/labels/groundtruth/crop19/[lyso,lyso_lum,lyso_mem]"
"train","/home/wghong22/cellmap-segmentation-challenge/data/jrc_hela-2/jrc_hela-2.zarr","recon-1/em/fibsem-uint8","/home/wghong22/cellmap-segmentation-challenge/data/jrc_hela-2/jrc_hela-2.zarr","recon-1/labels/groundtruth/crop96/[lyso,lyso_lum,lyso_mem]"
"train","/home/wghong22/cellmap-segmentation-challenge/data/jrc_hela-2/jrc_hela-2.zarr","recon-1/em/fibsem-uint8","/home/wghong22/cellmap-segmentation-challenge/data/jrc_hela-2/jrc_hela-2.zarr","recon-1/labels/groundtruth/crop95/[lyso,lyso_lum,lyso_mem]"
"train","/home/wghong22/cellmap-segmentation-challenge/data/jrc_hela-2/jrc_hela-2.zarr","recon-1/em/fibsem-uint8","/home/wghong22/cellmap-segmentation-challenge/data/jrc_hela-2/jrc_hela-2.zarr","recon-1/labels/groundtruth/crop13/[lyso,lyso_lum,lyso_mem]"
"train","/home/wghong22/cellmap-segmentation-challenge/data/jrc_hela-2/jrc_hela-2.zarr","recon-1/em/fibsem-uint8","/home/wghong22/cellmap-segmentation-challenge/data/jrc_hela-2/jrc_hela-2.zarr","recon-1/labels/groundtruth/crop59/[lyso,lyso_lum,lyso_mem]"
"train","/home/wghong22/cellmap-segmentation-challenge/data/jrc_hela-2/jrc_hela-2.zarr","recon-1/em/fibsem-uint8","/home/wghong22/cellmap-segmentation-challenge/data/jrc_hela-2/jrc_hela-2.zarr","recon-1/labels/groundtruth/crop9/[lyso,lyso_lum,lyso_mem]"
"validate","/home/wghong22/cellmap-segmentation-challenge/data/jrc_hela-2/jrc_hela-2.zarr","recon-1/em/fibsem-uint8","/home/wghong22/cellmap-segmentation-challenge/data/jrc_hela-2/jrc_hela-2.zarr","recon-1/labels/groundtruth/crop1/[lyso,lyso_lum,lyso_mem]"
"train","/home/wghong22/cellmap-segmentation-challenge/data/jrc_hela-2/jrc_hela-2.zarr","recon-1/em/fibsem-uint8","/home/wghong22/cellmap-segmentation-challenge/data/jrc_hela-2/jrc_hela-2.zarr","recon-1/labels/groundtruth/crop113/[lyso,lyso_lum,lyso_mem]"
"train","/home/wghong22/cellmap-segmentation-challenge/data/jrc_hela-2/jrc_hela-2.zarr","recon-1/em/fibsem-uint8","/home/wghong22/cellmap-segmentation-challenge/data/jrc_hela-2/jrc_hela-2.zarr","recon-1/labels/groundtruth/crop15/[lyso,lyso_lum,lyso_mem]"
"train","/home/wghong22/cellmap-segmentation-challenge/data/jrc_hela-2/jrc_hela-2.zarr","recon-1/em/fibsem-uint8","/home/wghong22/cellmap-segmentation-challenge/data/jrc_hela-2/jrc_hela-2.zarr","recon-1/labels/groundtruth/crop8/[lyso,lyso_lum,lyso_mem]"
"train","/home/wghong22/cellmap-segmentation-challenge/data/jrc_hela-2/jrc_hela-2.zarr","recon-1/em/fibsem-uint8","/home/wghong22/cellmap-segmentation-challenge/data/jrc_hela-2/jrc_hela-2.zarr","recon-1/labels/groundtruth/crop57/[lyso,lyso_lum,lyso_mem]"
"train","/home/wghong22/cellmap-segmentation-challenge/data/jrc_hela-2/jrc_hela-2.zarr","recon-1/em/fibsem-uint8","/home/wghong22/cellmap-segmentation-challenge/data/jrc_hela-2/jrc_hela-2.zarr","recon-1/labels/groundtruth/crop58/[lyso,lyso_lum,lyso_mem]"
"validate","/home/wghong22/cellmap-segmentation-challenge/data/jrc_hela-2/jrc_hela-2.zarr","recon-1/em/fibsem-uint8","/home/wghong22/cellmap-segmentation-challenge/data/jrc_hela-2/jrc_hela-2.zarr","recon-1/labels/groundtruth/crop55/[lyso,lyso_lum,lyso_mem]"
