"train","/home/wghong22/cellmap-segmentation-challenge/data/jrc_mus-liver-zon-2/jrc_mus-liver-zon-2.zarr","recon-1/em/fibsem-uint8","/home/wghong22/cellmap-segmentation-challenge/data/jrc_mus-liver-zon-2/jrc_mus-liver-zon-2.zarr","recon-1/labels/groundtruth/crop340/[cell,endo,ld,lyso,mito,mt,np,nuc,perox,ves,vim,pm,ecs,cyto,endo_mem,endo_lum,ld_mem,ld_lum,lyso_mem,lyso_lum,mito_mem,mito_lum,np_in,np_out,ne_mem,ne_lum,perox_mem,perox_lum,ves_mem,ves_lum]"
"train","/home/wghong22/cellmap-segmentation-challenge/data/jrc_mus-liver-zon-2/jrc_mus-liver-zon-2.zarr","recon-1/em/fibsem-uint8","/home/wghong22/cellmap-segmentation-challenge/data/jrc_mus-liver-zon-2/jrc_mus-liver-zon-2.zarr","recon-1/labels/groundtruth/crop370/[cell,endo,ld,lyso,mito,mt,np,nuc,perox,ves,vim,pm,ecs,cyto,endo_mem,endo_lum,ld_mem,ld_lum,lyso_mem,lyso_lum,mito_mem,mito_lum,np_in,np_out,ne_mem,ne_lum,perox_mem,perox_lum,ves_mem,ves_lum]"
"train","/home/wghong22/cellmap-segmentation-challenge/data/jrc_mus-liver-zon-2/jrc_mus-liver-zon-2.zarr","recon-1/em/fibsem-uint8","/home/wghong22/cellmap-segmentation-challenge/data/jrc_mus-liver-zon-2/jrc_mus-liver-zon-2.zarr","recon-1/labels/groundtruth/crop369/[cell,endo,ld,lyso,mito,mt,np,nuc,perox,ves,vim,pm,ecs,cyto,endo_mem,endo_lum,ld_mem,ld_lum,lyso_mem,lyso_lum,mito_mem,mito_lum,np_in,np_out,ne_mem,ne_lum,perox_mem,perox_lum,ves_mem,ves_lum]"
"train","/home/wghong22/cellmap-segmentation-challenge/data/jrc_mus-liver-zon-2/jrc_mus-liver-zon-2.zarr","recon-1/em/fibsem-uint8","/home/wghong22/cellmap-segmentation-challenge/data/jrc_mus-liver-zon-2/jrc_mus-liver-zon-2.zarr","recon-1/labels/groundtruth/crop376/[cell,endo,ld,lyso,mito,mt,np,nuc,perox,ves,vim,pm,ecs,cyto,endo_mem,endo_lum,ld_mem,ld_lum,lyso_mem,lyso_lum,mito_mem,mito_lum,np_in,np_out,ne_mem,ne_lum,perox_mem,perox_lum,ves_mem,ves_lum]"
"train","/home/wghong22/cellmap-segmentation-challenge/data/jrc_mus-liver-zon-2/jrc_mus-liver-zon-2.zarr","recon-1/em/fibsem-uint8","/home/wghong22/cellmap-segmentation-challenge/data/jrc_mus-liver-zon-2/jrc_mus-liver-zon-2.zarr","recon-1/labels/groundtruth/crop342/[cell,endo,ld,lyso,mito,mt,np,nuc,perox,ves,vim,pm,ecs,cyto,endo_mem,endo_lum,ld_mem,ld_lum,lyso_mem,lyso_lum,mito_mem,mito_lum,np_in,np_out,ne_mem,ne_lum,perox_mem,perox_lum,ves_mem,ves_lum]"
"train","/home/wghong22/cellmap-segmentation-challenge/data/jrc_mus-liver-zon-2/jrc_mus-liver-zon-2.zarr","recon-1/em/fibsem-uint8","/home/wghong22/cellmap-segmentation-challenge/data/jrc_mus-liver-zon-2/jrc_mus-liver-zon-2.zarr","recon-1/labels/groundtruth/crop341/[cell,endo,ld,lyso,mito,mt,np,nuc,perox,ves,vim,pm,ecs,cyto,endo_mem,endo_lum,ld_mem,ld_lum,lyso_mem,lyso_lum,mito_mem,mito_lum,np_in,np_out,ne_mem,ne_lum,perox_mem,perox_lum,ves_mem,ves_lum]"
"train","/home/wghong22/cellmap-segmentation-challenge/data/jrc_mus-liver-zon-2/jrc_mus-liver-zon-2.zarr","recon-1/em/fibsem-uint8","/home/wghong22/cellmap-segmentation-challenge/data/jrc_mus-liver-zon-2/jrc_mus-liver-zon-2.zarr","recon-1/labels/groundtruth/crop333/[cell,endo,ld,lyso,mito,mt,np,nuc,perox,ves,vim,pm,ecs,cyto,endo_mem,endo_lum,ld_mem,ld_lum,lyso_mem,lyso_lum,mito_mem,mito_lum,np_in,np_out,ne_mem,ne_lum,perox_mem,perox_lum,ves_mem,ves_lum]"
"train","/home/wghong22/cellmap-segmentation-challenge/data/jrc_mus-liver-zon-2/jrc_mus-liver-zon-2.zarr","recon-1/em/fibsem-uint8","/home/wghong22/cellmap-segmentation-challenge/data/jrc_mus-liver-zon-2/jrc_mus-liver-zon-2.zarr","recon-1/labels/groundtruth/crop368/[cell,endo,ld,lyso,mito,mt,np,nuc,perox,ves,vim,pm,ecs,cyto,endo_mem,endo_lum,ld_mem,ld_lum,lyso_mem,lyso_lum,mito_mem,mito_lum,np_in,np_out,ne_mem,ne_lum,perox_mem,perox_lum,ves_mem,ves_lum]"
"train","/home/wghong22/cellmap-segmentation-challenge/data/jrc_mus-kidney/jrc_mus-kidney.zarr","recon-1/em/fibsem-uint8","/home/wghong22/cellmap-segmentation-challenge/data/jrc_mus-kidney/jrc_mus-kidney.zarr","recon-1/labels/groundtruth/crop140/[cell,endo,ld,lyso,mito,mt,np,nuc,perox,ves,vim,pm,ecs,cyto,endo_mem,endo_lum,ld_mem,ld_lum,lyso_mem,lyso_lum,mito_mem,mito_lum,np_in,np_out,ne_mem,ne_lum,perox_mem,perox_lum,ves_mem,ves_lum]"
"train","/home/wghong22/cellmap-segmentation-challenge/data/jrc_mus-kidney/jrc_mus-kidney.zarr","recon-1/em/fibsem-uint8","/home/wghong22/cellmap-segmentation-challenge/data/jrc_mus-kidney/jrc_mus-kidney.zarr","recon-1/labels/groundtruth/crop158/[cell,endo,ld,lyso,mito,mt,np,nuc,perox,ves,vim,pm,ecs,cyto,endo_mem,endo_lum,ld_mem,ld_lum,lyso_mem,lyso_lum,mito_mem,mito_lum,np_in,np_out,ne_mem,ne_lum,perox_mem,perox_lum,ves_mem,ves_lum]"
"train","/home/wghong22/cellmap-segmentation-challenge/data/jrc_mus-kidney/jrc_mus-kidney.zarr","recon-1/em/fibsem-uint8","/home/wghong22/cellmap-segmentation-challenge/data/jrc_mus-kidney/jrc_mus-kidney.zarr","recon-1/labels/groundtruth/crop148/[cell,endo,ld,lyso,mito,mt,np,nuc,perox,ves,vim,pm,ecs,cyto,endo_mem,endo_lum,ld_mem,ld_lum,lyso_mem,lyso_lum,mito_mem,mito_lum,np_in,np_out,ne_mem,ne_lum,perox_mem,perox_lum,ves_mem,ves_lum]"
"train","/home/wghong22/cellmap-segmentation-challenge/data/jrc_mus-kidney/jrc_mus-kidney.zarr","recon-1/em/fibsem-uint8","/home/wghong22/cellmap-segmentation-challenge/data/jrc_mus-kidney/jrc_mus-kidney.zarr","recon-1/labels/groundtruth/crop149/[cell,endo,ld,lyso,mito,mt,np,nuc,perox,ves,vim,pm,ecs,cyto,endo_mem,endo_lum,ld_mem,ld_lum,lyso_mem,lyso_lum,mito_mem,mito_lum,np_in,np_out,ne_mem,ne_lum,perox_mem,perox_lum,ves_mem,ves_lum]"
"train","/home/wghong22/cellmap-segmentation-challenge/data/jrc_mus-kidney/jrc_mus-kidney.zarr","recon-1/em/fibsem-uint8","/home/wghong22/cellmap-segmentation-challenge/data/jrc_mus-kidney/jrc_mus-kidney.zarr","recon-1/labels/groundtruth/crop129/[cell,endo,ld,lyso,mito,mt,np,nuc,perox,ves,vim,pm,ecs,cyto,endo_mem,endo_lum,ld_mem,ld_lum,lyso_mem,lyso_lum,mito_mem,mito_lum,np_in,np_out,ne_mem,ne_lum,perox_mem,perox_lum,ves_mem,ves_lum]"
"train","/home/wghong22/cellmap-segmentation-challenge/data/jrc_mus-kidney/jrc_mus-kidney.zarr","recon-1/em/fibsem-uint8","/home/wghong22/cellmap-segmentation-challenge/data/jrc_mus-kidney/jrc_mus-kidney.zarr","recon-1/labels/groundtruth/crop141/[cell,endo,ld,lyso,mito,mt,np,nuc,perox,ves,vim,pm,ecs,cyto,endo_mem,endo_lum,ld_mem,ld_lum,lyso_mem,lyso_lum,mito_mem,mito_lum,np_in,np_out,ne_mem,ne_lum,perox_mem,perox_lum,ves_mem,ves_lum]"
"train","/home/wghong22/cellmap-segmentation-challenge/data/jrc_mus-kidney/jrc_mus-kidney.zarr","recon-1/em/fibsem-uint8","/home/wghong22/cellmap-segmentation-challenge/data/jrc_mus-kidney/jrc_mus-kidney.zarr","recon-1/labels/groundtruth/crop164/[cell,endo,ld,lyso,mito,mt,np,nuc,perox,ves,vim,pm,ecs,cyto,endo_mem,endo_lum,ld_mem,ld_lum,lyso_mem,lyso_lum,mito_mem,mito_lum,np_in,np_out,ne_mem,ne_lum,perox_mem,perox_lum,ves_mem,ves_lum]"
"train","/home/wghong22/cellmap-segmentation-challenge/data/jrc_mus-kidney/jrc_mus-kidney.zarr","recon-1/em/fibsem-uint8","/home/wghong22/cellmap-segmentation-challenge/data/jrc_mus-kidney/jrc_mus-kidney.zarr","recon-1/labels/groundtruth/crop161/[cell,endo,ld,lyso,mito,mt,np,nuc,perox,ves,vim,pm,ecs,cyto,endo_mem,endo_lum,ld_mem,ld_lum,lyso_mem,lyso_lum,mito_mem,mito_lum,np_in,np_out,ne_mem,ne_lum,perox_mem,perox_lum,ves_mem,ves_lum]"
"train","/home/wghong22/cellmap-segmentation-challenge/data/jrc_mus-kidney/jrc_mus-kidney.zarr","recon-1/em/fibsem-uint8","/home/wghong22/cellmap-segmentation-challenge/data/jrc_mus-kidney/jrc_mus-kidney.zarr","recon-1/labels/groundtruth/crop163/[cell,endo,ld,lyso,mito,mt,np,nuc,perox,ves,vim,pm,ecs,cyto,endo_mem,endo_lum,ld_mem,ld_lum,lyso_mem,lyso_lum,mito_mem,mito_lum,np_in,np_out,ne_mem,ne_lum,perox_mem,perox_lum,ves_mem,ves_lum]"
"train","/home/wghong22/cellmap-segmentation-challenge/data/jrc_mus-kidney/jrc_mus-kidney.zarr","recon-1/em/fibsem-uint8","/home/wghong22/cellmap-segmentation-challenge/data/jrc_mus-kidney/jrc_mus-kidney.zarr","recon-1/labels/groundtruth/crop159/[cell,endo,ld,lyso,mito,mt,np,nuc,perox,ves,vim,pm,ecs,cyto,endo_mem,endo_lum,ld_mem,ld_lum,lyso_mem,lyso_lum,mito_mem,mito_lum,np_in,np_out,ne_mem,ne_lum,perox_mem,perox_lum,ves_mem,ves_lum]"
"train","/home/wghong22/cellmap-segmentation-challenge/data/jrc_mus-kidney/jrc_mus-kidney.zarr","recon-1/em/fibsem-uint8","/home/wghong22/cellmap-segmentation-challenge/data/jrc_mus-kidney/jrc_mus-kidney.zarr","recon-1/labels/groundtruth/crop165/[cell,endo,ld,lyso,mito,mt,np,nuc,perox,ves,vim,pm,ecs,cyto,endo_mem,endo_lum,ld_mem,ld_lum,lyso_mem,lyso_lum,mito_mem,mito_lum,np_in,np_out,ne_mem,ne_lum,perox_mem,perox_lum,ves_mem,ves_lum]"
"train","/home/wghong22/cellmap-segmentation-challenge/data/jrc_mus-kidney/jrc_mus-kidney.zarr","recon-1/em/fibsem-uint8","/home/wghong22/cellmap-segmentation-challenge/data/jrc_mus-kidney/jrc_mus-kidney.zarr","recon-1/labels/groundtruth/crop156/[cell,endo,ld,lyso,mito,mt,np,nuc,perox,ves,vim,pm,ecs,cyto,endo_mem,endo_lum,ld_mem,ld_lum,lyso_mem,lyso_lum,mito_mem,mito_lum,np_in,np_out,ne_mem,ne_lum,perox_mem,perox_lum,ves_mem,ves_lum]"
"train","/home/wghong22/cellmap-segmentation-challenge/data/jrc_mus-kidney/jrc_mus-kidney.zarr","recon-1/em/fibsem-uint8","/home/wghong22/cellmap-segmentation-challenge/data/jrc_mus-kidney/jrc_mus-kidney.zarr","recon-1/labels/groundtruth/crop166/[cell,endo,ld,lyso,mito,mt,np,nuc,perox,ves,vim,pm,ecs,cyto,endo_mem,endo_lum,ld_mem,ld_lum,lyso_mem,lyso_lum,mito_mem,mito_lum,np_in,np_out,ne_mem,ne_lum,perox_mem,perox_lum,ves_mem,ves_lum]"
"train","/home/wghong22/cellmap-segmentation-challenge/data/jrc_mus-kidney/jrc_mus-kidney.zarr","recon-1/em/fibsem-uint8","/home/wghong22/cellmap-segmentation-challenge/data/jrc_mus-kidney/jrc_mus-kidney.zarr","recon-1/labels/groundtruth/crop162/[cell,endo,ld,lyso,mito,mt,np,nuc,perox,ves,vim,pm,ecs,cyto,endo_mem,endo_lum,ld_mem,ld_lum,lyso_mem,lyso_lum,mito_mem,mito_lum,np_in,np_out,ne_mem,ne_lum,perox_mem,perox_lum,ves_mem,ves_lum]"
"train","/home/wghong22/cellmap-segmentation-challenge/data/jrc_mus-kidney/jrc_mus-kidney.zarr","recon-1/em/fibsem-uint8","/home/wghong22/cellmap-segmentation-challenge/data/jrc_mus-kidney/jrc_mus-kidney.zarr","recon-1/labels/groundtruth/crop160/[cell,endo,ld,lyso,mito,mt,np,nuc,perox,ves,vim,pm,ecs,cyto,endo_mem,endo_lum,ld_mem,ld_lum,lyso_mem,lyso_lum,mito_mem,mito_lum,np_in,np_out,ne_mem,ne_lum,perox_mem,perox_lum,ves_mem,ves_lum]"
"train","/home/wghong22/cellmap-segmentation-challenge/data/jrc_mus-kidney/jrc_mus-kidney.zarr","recon-1/em/fibsem-uint8","/home/wghong22/cellmap-segmentation-challenge/data/jrc_mus-kidney/jrc_mus-kidney.zarr","recon-1/labels/groundtruth/crop147/[cell,endo,ld,lyso,mito,mt,np,nuc,perox,ves,vim,pm,ecs,cyto,endo_mem,endo_lum,ld_mem,ld_lum,lyso_mem,lyso_lum,mito_mem,mito_lum,np_in,np_out,ne_mem,ne_lum,perox_mem,perox_lum,ves_mem,ves_lum]"
"train","/home/wghong22/cellmap-segmentation-challenge/data/jrc_mus-kidney/jrc_mus-kidney.zarr","recon-1/em/fibsem-uint8","/home/wghong22/cellmap-segmentation-challenge/data/jrc_mus-kidney/jrc_mus-kidney.zarr","recon-1/labels/groundtruth/crop146/[cell,endo,ld,lyso,mito,mt,np,nuc,perox,ves,vim,pm,ecs,cyto,endo_mem,endo_lum,ld_mem,ld_lum,lyso_mem,lyso_lum,mito_mem,mito_lum,np_in,np_out,ne_mem,ne_lum,perox_mem,perox_lum,ves_mem,ves_lum]"
"train","/home/wghong22/cellmap-segmentation-challenge/data/jrc_cos7-1a/jrc_cos7-1a.zarr","recon-1/em/fibsem-uint8","/home/wghong22/cellmap-segmentation-challenge/data/jrc_cos7-1a/jrc_cos7-1a.zarr","recon-1/labels/groundtruth/crop243/[cell,endo,ld,lyso,mito,mt,np,nuc,perox,ves,vim,pm,ecs,cyto,endo_mem,endo_lum,ld_mem,ld_lum,lyso_mem,lyso_lum,mito_mem,mito_lum,np_in,np_out,ne_mem,ne_lum,perox_mem,perox_lum,ves_mem,ves_lum]"
"train","/home/wghong22/cellmap-segmentation-challenge/data/jrc_cos7-1a/jrc_cos7-1a.zarr","recon-1/em/fibsem-uint8","/home/wghong22/cellmap-segmentation-challenge/data/jrc_cos7-1a/jrc_cos7-1a.zarr","recon-1/labels/groundtruth/crop292/[cell,endo,ld,lyso,mito,mt,np,nuc,perox,ves,vim,pm,ecs,cyto,endo_mem,endo_lum,ld_mem,ld_lum,lyso_mem,lyso_lum,mito_mem,mito_lum,np_in,np_out,ne_mem,ne_lum,perox_mem,perox_lum,ves_mem,ves_lum]"
"validate","/home/wghong22/cellmap-segmentation-challenge/data/jrc_ut21-1413-003/jrc_ut21-1413-003.zarr","recon-1/em/fibsem-uint8","/home/wghong22/cellmap-segmentation-challenge/data/jrc_ut21-1413-003/jrc_ut21-1413-003.zarr","recon-1/labels/groundtruth/crop197/[cell,endo,ld,lyso,mito,mt,np,nuc,perox,ves,vim,pm,ecs,cyto,endo_mem,endo_lum,ld_mem,ld_lum,lyso_mem,lyso_lum,mito_mem,mito_lum,np_in,np_out,ne_mem,ne_lum,perox_mem,perox_lum,ves_mem,ves_lum]"
"train","/home/wghong22/cellmap-segmentation-challenge/data/jrc_ut21-1413-003/jrc_ut21-1413-003.zarr","recon-1/em/fibsem-uint8","/home/wghong22/cellmap-segmentation-challenge/data/jrc_ut21-1413-003/jrc_ut21-1413-003.zarr","recon-1/labels/groundtruth/crop196/[cell,endo,ld,lyso,mito,mt,np,nuc,perox,ves,vim,pm,ecs,cyto,endo_mem,endo_lum,ld_mem,ld_lum,lyso_mem,lyso_lum,mito_mem,mito_lum,np_in,np_out,ne_mem,ne_lum,perox_mem,perox_lum,ves_mem,ves_lum]"
"train","/home/wghong22/cellmap-segmentation-challenge/data/jrc_ut21-1413-003/jrc_ut21-1413-003.zarr","recon-1/em/fibsem-uint8","/home/wghong22/cellmap-segmentation-challenge/data/jrc_ut21-1413-003/jrc_ut21-1413-003.zarr","recon-1/labels/groundtruth/crop225/[cell,endo,ld,lyso,mito,mt,np,nuc,perox,ves,vim,pm,ecs,cyto,endo_mem,endo_lum,ld_mem,ld_lum,lyso_mem,lyso_lum,mito_mem,mito_lum,np_in,np_out,ne_mem,ne_lum,perox_mem,perox_lum,ves_mem,ves_lum]"
"train","/home/wghong22/cellmap-segmentation-challenge/data/jrc_ut21-1413-003/jrc_ut21-1413-003.zarr","recon-1/em/fibsem-uint8","/home/wghong22/cellmap-segmentation-challenge/data/jrc_ut21-1413-003/jrc_ut21-1413-003.zarr","recon-1/labels/groundtruth/crop190/[cell,endo,ld,lyso,mito,mt,np,nuc,perox,ves,vim,pm,ecs,cyto,endo_mem,endo_lum,ld_mem,ld_lum,lyso_mem,lyso_lum,mito_mem,mito_lum,np_in,np_out,ne_mem,ne_lum,perox_mem,perox_lum,ves_mem,ves_lum]"
"train","/home/wghong22/cellmap-segmentation-challenge/data/jrc_ut21-1413-003/jrc_ut21-1413-003.zarr","recon-1/em/fibsem-uint8","/home/wghong22/cellmap-segmentation-challenge/data/jrc_ut21-1413-003/jrc_ut21-1413-003.zarr","recon-1/labels/groundtruth/crop222/[cell,endo,ld,lyso,mito,mt,np,nuc,perox,ves,vim,pm,ecs,cyto,endo_mem,endo_lum,ld_mem,ld_lum,lyso_mem,lyso_lum,mito_mem,mito_lum,np_in,np_out,ne_mem,ne_lum,perox_mem,perox_lum,ves_mem,ves_lum]"
"train","/home/wghong22/cellmap-segmentation-challenge/data/jrc_ut21-1413-003/jrc_ut21-1413-003.zarr","recon-1/em/fibsem-uint8","/home/wghong22/cellmap-segmentation-challenge/data/jrc_ut21-1413-003/jrc_ut21-1413-003.zarr","recon-1/labels/groundtruth/crop220/[cell,endo,ld,lyso,mito,mt,np,nuc,perox,ves,vim,pm,ecs,cyto,endo_mem,endo_lum,ld_mem,ld_lum,lyso_mem,lyso_lum,mito_mem,mito_lum,np_in,np_out,ne_mem,ne_lum,perox_mem,perox_lum,ves_mem,ves_lum]"
"train","/home/wghong22/cellmap-segmentation-challenge/data/jrc_ut21-1413-003/jrc_ut21-1413-003.zarr","recon-1/em/fibsem-uint8","/home/wghong22/cellmap-segmentation-challenge/data/jrc_ut21-1413-003/jrc_ut21-1413-003.zarr","recon-1/labels/groundtruth/crop226/[cell,endo,ld,lyso,mito,mt,np,nuc,perox,ves,vim,pm,ecs,cyto,endo_mem,endo_lum,ld_mem,ld_lum,lyso_mem,lyso_lum,mito_mem,mito_lum,np_in,np_out,ne_mem,ne_lum,perox_mem,perox_lum,ves_mem,ves_lum]"
"train","/home/wghong22/cellmap-segmentation-challenge/data/jrc_ut21-1413-003/jrc_ut21-1413-003.zarr","recon-1/em/fibsem-uint8","/home/wghong22/cellmap-segmentation-challenge/data/jrc_ut21-1413-003/jrc_ut21-1413-003.zarr","recon-1/labels/groundtruth/crop193/[cell,endo,ld,lyso,mito,mt,np,nuc,perox,ves,vim,pm,ecs,cyto,endo_mem,endo_lum,ld_mem,ld_lum,lyso_mem,lyso_lum,mito_mem,mito_lum,np_in,np_out,ne_mem,ne_lum,perox_mem,perox_lum,ves_mem,ves_lum]"
"validate","/home/wghong22/cellmap-segmentation-challenge/data/jrc_ut21-1413-003/jrc_ut21-1413-003.zarr","recon-1/em/fibsem-uint8","/home/wghong22/cellmap-segmentation-challenge/data/jrc_ut21-1413-003/jrc_ut21-1413-003.zarr","recon-1/labels/groundtruth/crop200/[cell,endo,ld,lyso,mito,mt,np,nuc,perox,ves,vim,pm,ecs,cyto,endo_mem,endo_lum,ld_mem,ld_lum,lyso_mem,lyso_lum,mito_mem,mito_lum,np_in,np_out,ne_mem,ne_lum,perox_mem,perox_lum,ves_mem,ves_lum]"
"train","/home/wghong22/cellmap-segmentation-challenge/data/jrc_ut21-1413-003/jrc_ut21-1413-003.zarr","recon-1/em/fibsem-uint8","/home/wghong22/cellmap-segmentation-challenge/data/jrc_ut21-1413-003/jrc_ut21-1413-003.zarr","recon-1/labels/groundtruth/crop195/[cell,endo,ld,lyso,mito,mt,np,nuc,perox,ves,vim,pm,ecs,cyto,endo_mem,endo_lum,ld_mem,ld_lum,lyso_mem,lyso_lum,mito_mem,mito_lum,np_in,np_out,ne_mem,ne_lum,perox_mem,perox_lum,ves_mem,ves_lum]"
"train","/home/wghong22/cellmap-segmentation-challenge/data/jrc_ut21-1413-003/jrc_ut21-1413-003.zarr","recon-1/em/fibsem-uint8","/home/wghong22/cellmap-segmentation-challenge/data/jrc_ut21-1413-003/jrc_ut21-1413-003.zarr","recon-1/labels/groundtruth/crop199/[cell,endo,ld,lyso,mito,mt,np,nuc,perox,ves,vim,pm,ecs,cyto,endo_mem,endo_lum,ld_mem,ld_lum,lyso_mem,lyso_lum,mito_mem,mito_lum,np_in,np_out,ne_mem,ne_lum,perox_mem,perox_lum,ves_mem,ves_lum]"
"train","/home/wghong22/cellmap-segmentation-challenge/data/jrc_ut21-1413-003/jrc_ut21-1413-003.zarr","recon-1/em/fibsem-uint8","/home/wghong22/cellmap-segmentation-challenge/data/jrc_ut21-1413-003/jrc_ut21-1413-003.zarr","recon-1/labels/groundtruth/crop228/[cell,endo,ld,lyso,mito,mt,np,nuc,perox,ves,vim,pm,ecs,cyto,endo_mem,endo_lum,ld_mem,ld_lum,lyso_mem,lyso_lum,mito_mem,mito_lum,np_in,np_out,ne_mem,ne_lum,perox_mem,perox_lum,ves_mem,ves_lum]"
"train","/home/wghong22/cellmap-segmentation-challenge/data/jrc_ut21-1413-003/jrc_ut21-1413-003.zarr","recon-1/em/fibsem-uint8","/home/wghong22/cellmap-segmentation-challenge/data/jrc_ut21-1413-003/jrc_ut21-1413-003.zarr","recon-1/labels/groundtruth/crop214/[cell,endo,ld,lyso,mito,mt,np,nuc,perox,ves,vim,pm,ecs,cyto,endo_mem,endo_lum,ld_mem,ld_lum,lyso_mem,lyso_lum,mito_mem,mito_lum,np_in,np_out,ne_mem,ne_lum,perox_mem,perox_lum,ves_mem,ves_lum]"
"train","/home/wghong22/cellmap-segmentation-challenge/data/jrc_ut21-1413-003/jrc_ut21-1413-003.zarr","recon-1/em/fibsem-uint8","/home/wghong22/cellmap-segmentation-challenge/data/jrc_ut21-1413-003/jrc_ut21-1413-003.zarr","recon-1/labels/groundtruth/crop192/[cell,endo,ld,lyso,mito,mt,np,nuc,perox,ves,vim,pm,ecs,cyto,endo_mem,endo_lum,ld_mem,ld_lum,lyso_mem,lyso_lum,mito_mem,mito_lum,np_in,np_out,ne_mem,ne_lum,perox_mem,perox_lum,ves_mem,ves_lum]"
"train","/home/wghong22/cellmap-segmentation-challenge/data/jrc_ut21-1413-003/jrc_ut21-1413-003.zarr","recon-1/em/fibsem-uint8","/home/wghong22/cellmap-segmentation-challenge/data/jrc_ut21-1413-003/jrc_ut21-1413-003.zarr","recon-1/labels/groundtruth/crop198/[cell,endo,ld,lyso,mito,mt,np,nuc,perox,ves,vim,pm,ecs,cyto,endo_mem,endo_lum,ld_mem,ld_lum,lyso_mem,lyso_lum,mito_mem,mito_lum,np_in,np_out,ne_mem,ne_lum,perox_mem,perox_lum,ves_mem,ves_lum]"
"train","/home/wghong22/cellmap-segmentation-challenge/data/jrc_ut21-1413-003/jrc_ut21-1413-003.zarr","recon-1/em/fibsem-uint8","/home/wghong22/cellmap-segmentation-challenge/data/jrc_ut21-1413-003/jrc_ut21-1413-003.zarr","recon-1/labels/groundtruth/crop227/[cell,endo,ld,lyso,mito,mt,np,nuc,perox,ves,vim,pm,ecs,cyto,endo_mem,endo_lum,ld_mem,ld_lum,lyso_mem,lyso_lum,mito_mem,mito_lum,np_in,np_out,ne_mem,ne_lum,perox_mem,perox_lum,ves_mem,ves_lum]"
"validate","/home/wghong22/cellmap-segmentation-challenge/data/jrc_ut21-1413-003/jrc_ut21-1413-003.zarr","recon-1/em/fibsem-uint8","/home/wghong22/cellmap-segmentation-challenge/data/jrc_ut21-1413-003/jrc_ut21-1413-003.zarr","recon-1/labels/groundtruth/crop224/[cell,endo,ld,lyso,mito,mt,np,nuc,perox,ves,vim,pm,ecs,cyto,endo_mem,endo_lum,ld_mem,ld_lum,lyso_mem,lyso_lum,mito_mem,mito_lum,np_in,np_out,ne_mem,ne_lum,perox_mem,perox_lum,ves_mem,ves_lum]"
"train","/home/wghong22/cellmap-segmentation-challenge/data/jrc_ut21-1413-003/jrc_ut21-1413-003.zarr","recon-1/em/fibsem-uint8","/home/wghong22/cellmap-segmentation-challenge/data/jrc_ut21-1413-003/jrc_ut21-1413-003.zarr","recon-1/labels/groundtruth/crop191/[cell,endo,ld,lyso,mito,mt,np,nuc,perox,ves,vim,pm,ecs,cyto,endo_mem,endo_lum,ld_mem,ld_lum,lyso_mem,lyso_lum,mito_mem,mito_lum,np_in,np_out,ne_mem,ne_lum,perox_mem,perox_lum,ves_mem,ves_lum]"
"validate","/home/wghong22/cellmap-segmentation-challenge/data/jrc_fly-mb-1a/jrc_fly-mb-1a.zarr","recon-1/em/fibsem-uint8","/home/wghong22/cellmap-segmentation-challenge/data/jrc_fly-mb-1a/jrc_fly-mb-1a.zarr","recon-1/labels/groundtruth/crop178/[cell,endo,ld,lyso,mito,mt,np,nuc,perox,ves,vim,pm,ecs,cyto,endo_mem,endo_lum,ld_mem,ld_lum,lyso_mem,lyso_lum,mito_mem,mito_lum,np_in,np_out,ne_mem,ne_lum,perox_mem,perox_lum,ves_mem,ves_lum]"
"train","/home/wghong22/cellmap-segmentation-challenge/data/jrc_fly-mb-1a/jrc_fly-mb-1a.zarr","recon-1/em/fibsem-uint8","/home/wghong22/cellmap-segmentation-challenge/data/jrc_fly-mb-1a/jrc_fly-mb-1a.zarr","recon-1/labels/groundtruth/crop123/[cell,endo,ld,lyso,mito,mt,np,nuc,perox,ves,vim,pm,ecs,cyto,endo_mem,endo_lum,ld_mem,ld_lum,lyso_mem,lyso_lum,mito_mem,mito_lum,np_in,np_out,ne_mem,ne_lum,perox_mem,perox_lum,ves_mem,ves_lum]"
"train","/home/wghong22/cellmap-segmentation-challenge/data/jrc_fly-mb-1a/jrc_fly-mb-1a.zarr","recon-1/em/fibsem-uint8","/home/wghong22/cellmap-segmentation-challenge/data/jrc_fly-mb-1a/jrc_fly-mb-1a.zarr","recon-1/labels/groundtruth/crop120/[cell,endo,ld,lyso,mito,mt,np,nuc,perox,ves,vim,pm,ecs,cyto,endo_mem,endo_lum,ld_mem,ld_lum,lyso_mem,lyso_lum,mito_mem,mito_lum,np_in,np_out,ne_mem,ne_lum,perox_mem,perox_lum,ves_mem,ves_lum]"
"train","/home/wghong22/cellmap-segmentation-challenge/data/jrc_fly-mb-1a/jrc_fly-mb-1a.zarr","recon-1/em/fibsem-uint8","/home/wghong22/cellmap-segmentation-challenge/data/jrc_fly-mb-1a/jrc_fly-mb-1a.zarr","recon-1/labels/groundtruth/crop122/[cell,endo,ld,lyso,mito,mt,np,nuc,perox,ves,vim,pm,ecs,cyto,endo_mem,endo_lum,ld_mem,ld_lum,lyso_mem,lyso_lum,mito_mem,mito_lum,np_in,np_out,ne_mem,ne_lum,perox_mem,perox_lum,ves_mem,ves_lum]"
"train","/home/wghong22/cellmap-segmentation-challenge/data/jrc_fly-mb-1a/jrc_fly-mb-1a.zarr","recon-1/em/fibsem-uint8","/home/wghong22/cellmap-segmentation-challenge/data/jrc_fly-mb-1a/jrc_fly-mb-1a.zarr","recon-1/labels/groundtruth/crop121/[cell,endo,ld,lyso,mito,mt,np,nuc,perox,ves,vim,pm,ecs,cyto,endo_mem,endo_lum,ld_mem,ld_lum,lyso_mem,lyso_lum,mito_mem,mito_lum,np_in,np_out,ne_mem,ne_lum,perox_mem,perox_lum,ves_mem,ves_lum]"
"train","/home/wghong22/cellmap-segmentation-challenge/data/jrc_fly-mb-1a/jrc_fly-mb-1a.zarr","recon-1/em/fibsem-uint8","/home/wghong22/cellmap-segmentation-challenge/data/jrc_fly-mb-1a/jrc_fly-mb-1a.zarr","recon-1/labels/groundtruth/crop134/[cell,endo,ld,lyso,mito,mt,np,nuc,perox,ves,vim,pm,ecs,cyto,endo_mem,endo_lum,ld_mem,ld_lum,lyso_mem,lyso_lum,mito_mem,mito_lum,np_in,np_out,ne_mem,ne_lum,perox_mem,perox_lum,ves_mem,ves_lum]"
"train","/home/wghong22/cellmap-segmentation-challenge/data/jrc_mus-nacc-1/jrc_mus-nacc-1.zarr","recon-1/em/fibsem-uint8","/home/wghong22/cellmap-segmentation-challenge/data/jrc_mus-nacc-1/jrc_mus-nacc-1.zarr","recon-1/labels/groundtruth/crop115/[cell,endo,ld,lyso,mito,mt,np,nuc,perox,ves,vim,pm,ecs,cyto,endo_mem,endo_lum,ld_mem,ld_lum,lyso_mem,lyso_lum,mito_mem,mito_lum,np_in,np_out,ne_mem,ne_lum,perox_mem,perox_lum,ves_mem,ves_lum]"
"train","/home/wghong22/cellmap-segmentation-challenge/data/jrc_mus-liver-zon-1/jrc_mus-liver-zon-1.zarr","recon-1/em/fibsem-uint8","/home/wghong22/cellmap-segmentation-challenge/data/jrc_mus-liver-zon-1/jrc_mus-liver-zon-1.zarr","recon-1/labels/groundtruth/crop267/[cell,endo,ld,lyso,mito,mt,np,nuc,perox,ves,vim,pm,ecs,cyto,endo_mem,endo_lum,ld_mem,ld_lum,lyso_mem,lyso_lum,mito_mem,mito_lum,np_in,np_out,ne_mem,ne_lum,perox_mem,perox_lum,ves_mem,ves_lum]"
"train","/home/wghong22/cellmap-segmentation-challenge/data/jrc_mus-liver-zon-1/jrc_mus-liver-zon-1.zarr","recon-1/em/fibsem-uint8","/home/wghong22/cellmap-segmentation-challenge/data/jrc_mus-liver-zon-1/jrc_mus-liver-zon-1.zarr","recon-1/labels/groundtruth/crop270/[cell,endo,ld,lyso,mito,mt,np,nuc,perox,ves,vim,pm,ecs,cyto,endo_mem,endo_lum,ld_mem,ld_lum,lyso_mem,lyso_lum,mito_mem,mito_lum,np_in,np_out,ne_mem,ne_lum,perox_mem,perox_lum,ves_mem,ves_lum]"
"train","/home/wghong22/cellmap-segmentation-challenge/data/jrc_mus-liver-zon-1/jrc_mus-liver-zon-1.zarr","recon-1/em/fibsem-uint8","/home/wghong22/cellmap-segmentation-challenge/data/jrc_mus-liver-zon-1/jrc_mus-liver-zon-1.zarr","recon-1/labels/groundtruth/crop269/[cell,endo,ld,lyso,mito,mt,np,nuc,perox,ves,vim,pm,ecs,cyto,endo_mem,endo_lum,ld_mem,ld_lum,lyso_mem,lyso_lum,mito_mem,mito_lum,np_in,np_out,ne_mem,ne_lum,perox_mem,perox_lum,ves_mem,ves_lum]"
"train","/home/wghong22/cellmap-segmentation-challenge/data/jrc_mus-liver-zon-1/jrc_mus-liver-zon-1.zarr","recon-1/em/fibsem-uint8","/home/wghong22/cellmap-segmentation-challenge/data/jrc_mus-liver-zon-1/jrc_mus-liver-zon-1.zarr","recon-1/labels/groundtruth/crop326/[cell,endo,ld,lyso,mito,mt,np,nuc,perox,ves,vim,pm,ecs,cyto,endo_mem,endo_lum,ld_mem,ld_lum,lyso_mem,lyso_lum,mito_mem,mito_lum,np_in,np_out,ne_mem,ne_lum,perox_mem,perox_lum,ves_mem,ves_lum]"
"train","/home/wghong22/cellmap-segmentation-challenge/data/jrc_mus-liver-zon-1/jrc_mus-liver-zon-1.zarr","recon-1/em/fibsem-uint8","/home/wghong22/cellmap-segmentation-challenge/data/jrc_mus-liver-zon-1/jrc_mus-liver-zon-1.zarr","recon-1/labels/groundtruth/crop272/[cell,endo,ld,lyso,mito,mt,np,nuc,perox,ves,vim,pm,ecs,cyto,endo_mem,endo_lum,ld_mem,ld_lum,lyso_mem,lyso_lum,mito_mem,mito_lum,np_in,np_out,ne_mem,ne_lum,perox_mem,perox_lum,ves_mem,ves_lum]"
"train","/home/wghong22/cellmap-segmentation-challenge/data/jrc_mus-liver-zon-1/jrc_mus-liver-zon-1.zarr","recon-1/em/fibsem-uint8","/home/wghong22/cellmap-segmentation-challenge/data/jrc_mus-liver-zon-1/jrc_mus-liver-zon-1.zarr","recon-1/labels/groundtruth/crop320/[cell,endo,ld,lyso,mito,mt,np,nuc,perox,ves,vim,pm,ecs,cyto,endo_mem,endo_lum,ld_mem,ld_lum,lyso_mem,lyso_lum,mito_mem,mito_lum,np_in,np_out,ne_mem,ne_lum,perox_mem,perox_lum,ves_mem,ves_lum]"
"train","/home/wghong22/cellmap-segmentation-challenge/data/jrc_mus-liver-zon-1/jrc_mus-liver-zon-1.zarr","recon-1/em/fibsem-uint8","/home/wghong22/cellmap-segmentation-challenge/data/jrc_mus-liver-zon-1/jrc_mus-liver-zon-1.zarr","recon-1/labels/groundtruth/crop319/[cell,endo,ld,lyso,mito,mt,np,nuc,perox,ves,vim,pm,ecs,cyto,endo_mem,endo_lum,ld_mem,ld_lum,lyso_mem,lyso_lum,mito_mem,mito_lum,np_in,np_out,ne_mem,ne_lum,perox_mem,perox_lum,ves_mem,ves_lum]"
"validate","/home/wghong22/cellmap-segmentation-challenge/data/jrc_mus-liver-zon-1/jrc_mus-liver-zon-1.zarr","recon-1/em/fibsem-uint8","/home/wghong22/cellmap-segmentation-challenge/data/jrc_mus-liver-zon-1/jrc_mus-liver-zon-1.zarr","recon-1/labels/groundtruth/crop277/[cell,endo,ld,lyso,mito,mt,np,nuc,perox,ves,vim,pm,ecs,cyto,endo_mem,endo_lum,ld_mem,ld_lum,lyso_mem,lyso_lum,mito_mem,mito_lum,np_in,np_out,ne_mem,ne_lum,perox_mem,perox_lum,ves_mem,ves_lum]"
"train","/home/wghong22/cellmap-segmentation-challenge/data/jrc_mus-liver-zon-1/jrc_mus-liver-zon-1.zarr","recon-1/em/fibsem-uint8","/home/wghong22/cellmap-segmentation-challenge/data/jrc_mus-liver-zon-1/jrc_mus-liver-zon-1.zarr","recon-1/labels/groundtruth/crop274/[cell,endo,ld,lyso,mito,mt,np,nuc,perox,ves,vim,pm,ecs,cyto,endo_mem,endo_lum,ld_mem,ld_lum,lyso_mem,lyso_lum,mito_mem,mito_lum,np_in,np_out,ne_mem,ne_lum,perox_mem,perox_lum,ves_mem,ves_lum]"
"train","/home/wghong22/cellmap-segmentation-challenge/data/jrc_mus-liver-zon-1/jrc_mus-liver-zon-1.zarr","recon-1/em/fibsem-uint8","/home/wghong22/cellmap-segmentation-challenge/data/jrc_mus-liver-zon-1/jrc_mus-liver-zon-1.zarr","recon-1/labels/groundtruth/crop278/[cell,endo,ld,lyso,mito,mt,np,nuc,perox,ves,vim,pm,ecs,cyto,endo_mem,endo_lum,ld_mem,ld_lum,lyso_mem,lyso_lum,mito_mem,mito_lum,np_in,np_out,ne_mem,ne_lum,perox_mem,perox_lum,ves_mem,ves_lum]"
"train","/home/wghong22/cellmap-segmentation-challenge/data/jrc_mus-liver-zon-1/jrc_mus-liver-zon-1.zarr","recon-1/em/fibsem-uint8","/home/wghong22/cellmap-segmentation-challenge/data/jrc_mus-liver-zon-1/jrc_mus-liver-zon-1.zarr","recon-1/labels/groundtruth/crop279/[cell,endo,ld,lyso,mito,mt,np,nuc,perox,ves,vim,pm,ecs,cyto,endo_mem,endo_lum,ld_mem,ld_lum,lyso_mem,lyso_lum,mito_mem,mito_lum,np_in,np_out,ne_mem,ne_lum,perox_mem,perox_lum,ves_mem,ves_lum]"
"train","/home/wghong22/cellmap-segmentation-challenge/data/jrc_mus-liver-zon-1/jrc_mus-liver-zon-1.zarr","recon-1/em/fibsem-uint8","/home/wghong22/cellmap-segmentation-challenge/data/jrc_mus-liver-zon-1/jrc_mus-liver-zon-1.zarr","recon-1/labels/groundtruth/crop325/[cell,endo,ld,lyso,mito,mt,np,nuc,perox,ves,vim,pm,ecs,cyto,endo_mem,endo_lum,ld_mem,ld_lum,lyso_mem,lyso_lum,mito_mem,mito_lum,np_in,np_out,ne_mem,ne_lum,perox_mem,perox_lum,ves_mem,ves_lum]"
"train","/home/wghong22/cellmap-segmentation-challenge/data/jrc_mus-liver-zon-1/jrc_mus-liver-zon-1.zarr","recon-1/em/fibsem-uint8","/home/wghong22/cellmap-segmentation-challenge/data/jrc_mus-liver-zon-1/jrc_mus-liver-zon-1.zarr","recon-1/labels/groundtruth/crop275/[cell,endo,ld,lyso,mito,mt,np,nuc,perox,ves,vim,pm,ecs,cyto,endo_mem,endo_lum,ld_mem,ld_lum,lyso_mem,lyso_lum,mito_mem,mito_lum,np_in,np_out,ne_mem,ne_lum,perox_mem,perox_lum,ves_mem,ves_lum]"
"train","/home/wghong22/cellmap-segmentation-challenge/data/jrc_mus-liver-zon-1/jrc_mus-liver-zon-1.zarr","recon-1/em/fibsem-uint8","/home/wghong22/cellmap-segmentation-challenge/data/jrc_mus-liver-zon-1/jrc_mus-liver-zon-1.zarr","recon-1/labels/groundtruth/crop280/[cell,endo,ld,lyso,mito,mt,np,nuc,perox,ves,vim,pm,ecs,cyto,endo_mem,endo_lum,ld_mem,ld_lum,lyso_mem,lyso_lum,mito_mem,mito_lum,np_in,np_out,ne_mem,ne_lum,perox_mem,perox_lum,ves_mem,ves_lum]"
"train","/home/wghong22/cellmap-segmentation-challenge/data/jrc_mus-liver-zon-1/jrc_mus-liver-zon-1.zarr","recon-1/em/fibsem-uint8","/home/wghong22/cellmap-segmentation-challenge/data/jrc_mus-liver-zon-1/jrc_mus-liver-zon-1.zarr","recon-1/labels/groundtruth/crop313/[cell,endo,ld,lyso,mito,mt,np,nuc,perox,ves,vim,pm,ecs,cyto,endo_mem,endo_lum,ld_mem,ld_lum,lyso_mem,lyso_lum,mito_mem,mito_lum,np_in,np_out,ne_mem,ne_lum,perox_mem,perox_lum,ves_mem,ves_lum]"
"train","/home/wghong22/cellmap-segmentation-challenge/data/jrc_mus-liver-zon-1/jrc_mus-liver-zon-1.zarr","recon-1/em/fibsem-uint8","/home/wghong22/cellmap-segmentation-challenge/data/jrc_mus-liver-zon-1/jrc_mus-liver-zon-1.zarr","recon-1/labels/groundtruth/crop273/[cell,endo,ld,lyso,mito,mt,np,nuc,perox,ves,vim,pm,ecs,cyto,endo_mem,endo_lum,ld_mem,ld_lum,lyso_mem,lyso_lum,mito_mem,mito_lum,np_in,np_out,ne_mem,ne_lum,perox_mem,perox_lum,ves_mem,ves_lum]"
"train","/home/wghong22/cellmap-segmentation-challenge/data/jrc_mus-liver-zon-1/jrc_mus-liver-zon-1.zarr","recon-1/em/fibsem-uint8","/home/wghong22/cellmap-segmentation-challenge/data/jrc_mus-liver-zon-1/jrc_mus-liver-zon-1.zarr","recon-1/labels/groundtruth/crop276/[cell,endo,ld,lyso,mito,mt,np,nuc,perox,ves,vim,pm,ecs,cyto,endo_mem,endo_lum,ld_mem,ld_lum,lyso_mem,lyso_lum,mito_mem,mito_lum,np_in,np_out,ne_mem,ne_lum,perox_mem,perox_lum,ves_mem,ves_lum]"
"validate","/home/wghong22/cellmap-segmentation-challenge/data/jrc_mus-liver-zon-1/jrc_mus-liver-zon-1.zarr","recon-1/em/fibsem-uint8","/home/wghong22/cellmap-segmentation-challenge/data/jrc_mus-liver-zon-1/jrc_mus-liver-zon-1.zarr","recon-1/labels/groundtruth/crop268/[cell,endo,ld,lyso,mito,mt,np,nuc,perox,ves,vim,pm,ecs,cyto,endo_mem,endo_lum,ld_mem,ld_lum,lyso_mem,lyso_lum,mito_mem,mito_lum,np_in,np_out,ne_mem,ne_lum,perox_mem,perox_lum,ves_mem,ves_lum]"
"train","/home/wghong22/cellmap-segmentation-challenge/data/jrc_mus-liver-zon-1/jrc_mus-liver-zon-1.zarr","recon-1/em/fibsem-uint8","/home/wghong22/cellmap-segmentation-challenge/data/jrc_mus-liver-zon-1/jrc_mus-liver-zon-1.zarr","recon-1/labels/groundtruth/crop322/[cell,endo,ld,lyso,mito,mt,np,nuc,perox,ves,vim,pm,ecs,cyto,endo_mem,endo_lum,ld_mem,ld_lum,lyso_mem,lyso_lum,mito_mem,mito_lum,np_in,np_out,ne_mem,ne_lum,perox_mem,perox_lum,ves_mem,ves_lum]"
"train","/home/wghong22/cellmap-segmentation-challenge/data/jrc_mus-liver-zon-1/jrc_mus-liver-zon-1.zarr","recon-1/em/fibsem-uint8","/home/wghong22/cellmap-segmentation-challenge/data/jrc_mus-liver-zon-1/jrc_mus-liver-zon-1.zarr","recon-1/labels/groundtruth/crop298/[cell,endo,ld,lyso,mito,mt,np,nuc,perox,ves,vim,pm,ecs,cyto,endo_mem,endo_lum,ld_mem,ld_lum,lyso_mem,lyso_lum,mito_mem,mito_lum,np_in,np_out,ne_mem,ne_lum,perox_mem,perox_lum,ves_mem,ves_lum]"
"validate","/home/wghong22/cellmap-segmentation-challenge/data/jrc_mus-liver-zon-1/jrc_mus-liver-zon-1.zarr","recon-1/em/fibsem-uint8","/home/wghong22/cellmap-segmentation-challenge/data/jrc_mus-liver-zon-1/jrc_mus-liver-zon-1.zarr","recon-1/labels/groundtruth/crop321/[cell,endo,ld,lyso,mito,mt,np,nuc,perox,ves,vim,pm,ecs,cyto,endo_mem,endo_lum,ld_mem,ld_lum,lyso_mem,lyso_lum,mito_mem,mito_lum,np_in,np_out,ne_mem,ne_lum,perox_mem,perox_lum,ves_mem,ves_lum]"
"train","/home/wghong22/cellmap-segmentation-challenge/data/jrc_mus-liver-zon-1/jrc_mus-liver-zon-1.zarr","recon-1/em/fibsem-uint8","/home/wghong22/cellmap-segmentation-challenge/data/jrc_mus-liver-zon-1/jrc_mus-liver-zon-1.zarr","recon-1/labels/groundtruth/crop266/[cell,endo,ld,lyso,mito,mt,np,nuc,perox,ves,vim,pm,ecs,cyto,endo_mem,endo_lum,ld_mem,ld_lum,lyso_mem,lyso_lum,mito_mem,mito_lum,np_in,np_out,ne_mem,ne_lum,perox_mem,perox_lum,ves_mem,ves_lum]"
"validate","/home/wghong22/cellmap-segmentation-challenge/data/jrc_mus-liver-zon-1/jrc_mus-liver-zon-1.zarr","recon-1/em/fibsem-uint8","/home/wghong22/cellmap-segmentation-challenge/data/jrc_mus-liver-zon-1/jrc_mus-liver-zon-1.zarr","recon-1/labels/groundtruth/crop323/[cell,endo,ld,lyso,mito,mt,np,nuc,perox,ves,vim,pm,ecs,cyto,endo_mem,endo_lum,ld_mem,ld_lum,lyso_mem,lyso_lum,mito_mem,mito_lum,np_in,np_out,ne_mem,ne_lum,perox_mem,perox_lum,ves_mem,ves_lum]"
"train","/home/wghong22/cellmap-segmentation-challenge/data/jrc_mus-liver-zon-1/jrc_mus-liver-zon-1.zarr","recon-1/em/fibsem-uint8","/home/wghong22/cellmap-segmentation-challenge/data/jrc_mus-liver-zon-1/jrc_mus-liver-zon-1.zarr","recon-1/labels/groundtruth/crop377/[cell,endo,ld,lyso,mito,mt,np,nuc,perox,ves,vim,pm,ecs,cyto,endo_mem,endo_lum,ld_mem,ld_lum,lyso_mem,lyso_lum,mito_mem,mito_lum,np_in,np_out,ne_mem,ne_lum,perox_mem,perox_lum,ves_mem,ves_lum]"
"train","/home/wghong22/cellmap-segmentation-challenge/data/jrc_fly-vnc-1/jrc_fly-vnc-1.zarr","recon-1/em/fibsem-uint8","/home/wghong22/cellmap-segmentation-challenge/data/jrc_fly-vnc-1/jrc_fly-vnc-1.zarr","recon-1/labels/groundtruth/crop78/[cell,endo,ld,lyso,mito,mt,np,nuc,perox,ves,vim,pm,ecs,cyto,endo_mem,endo_lum,ld_mem,ld_lum,lyso_mem,lyso_lum,mito_mem,mito_lum,np_in,np_out,ne_mem,ne_lum,perox_mem,perox_lum,ves_mem,ves_lum]"
"train","/home/wghong22/cellmap-segmentation-challenge/data/jrc_fly-vnc-1/jrc_fly-vnc-1.zarr","recon-1/em/fibsem-uint8","/home/wghong22/cellmap-segmentation-challenge/data/jrc_fly-vnc-1/jrc_fly-vnc-1.zarr","recon-1/labels/groundtruth/crop79/[cell,endo,ld,lyso,mito,mt,np,nuc,perox,ves,vim,pm,ecs,cyto,endo_mem,endo_lum,ld_mem,ld_lum,lyso_mem,lyso_lum,mito_mem,mito_lum,np_in,np_out,ne_mem,ne_lum,perox_mem,perox_lum,ves_mem,ves_lum]"
"train","/home/wghong22/cellmap-segmentation-challenge/data/jrc_fly-vnc-1/jrc_fly-vnc-1.zarr","recon-1/em/fibsem-uint8","/home/wghong22/cellmap-segmentation-challenge/data/jrc_fly-vnc-1/jrc_fly-vnc-1.zarr","recon-1/labels/groundtruth/crop173/[cell,endo,ld,lyso,mito,mt,np,nuc,perox,ves,vim,pm,ecs,cyto,endo_mem,endo_lum,ld_mem,ld_lum,lyso_mem,lyso_lum,mito_mem,mito_lum,np_in,np_out,ne_mem,ne_lum,perox_mem,perox_lum,ves_mem,ves_lum]"
"train","/home/wghong22/cellmap-segmentation-challenge/data/jrc_fly-vnc-1/jrc_fly-vnc-1.zarr","recon-1/em/fibsem-uint8","/home/wghong22/cellmap-segmentation-challenge/data/jrc_fly-vnc-1/jrc_fly-vnc-1.zarr","recon-1/labels/groundtruth/crop185/[cell,endo,ld,lyso,mito,mt,np,nuc,perox,ves,vim,pm,ecs,cyto,endo_mem,endo_lum,ld_mem,ld_lum,lyso_mem,lyso_lum,mito_mem,mito_lum,np_in,np_out,ne_mem,ne_lum,perox_mem,perox_lum,ves_mem,ves_lum]"
"train","/home/wghong22/cellmap-segmentation-challenge/data/jrc_fly-vnc-1/jrc_fly-vnc-1.zarr","recon-1/em/fibsem-uint8","/home/wghong22/cellmap-segmentation-challenge/data/jrc_fly-vnc-1/jrc_fly-vnc-1.zarr","recon-1/labels/groundtruth/crop176/[cell,endo,ld,lyso,mito,mt,np,nuc,perox,ves,vim,pm,ecs,cyto,endo_mem,endo_lum,ld_mem,ld_lum,lyso_mem,lyso_lum,mito_mem,mito_lum,np_in,np_out,ne_mem,ne_lum,perox_mem,perox_lum,ves_mem,ves_lum]"
"validate","/home/wghong22/cellmap-segmentation-challenge/data/jrc_fly-vnc-1/jrc_fly-vnc-1.zarr","recon-1/em/fibsem-uint8","/home/wghong22/cellmap-segmentation-challenge/data/jrc_fly-vnc-1/jrc_fly-vnc-1.zarr","recon-1/labels/groundtruth/crop174/[cell,endo,ld,lyso,mito,mt,np,nuc,perox,ves,vim,pm,ecs,cyto,endo_mem,endo_lum,ld_mem,ld_lum,lyso_mem,lyso_lum,mito_mem,mito_lum,np_in,np_out,ne_mem,ne_lum,perox_mem,perox_lum,ves_mem,ves_lum]"
"train","/home/wghong22/cellmap-segmentation-challenge/data/jrc_mus-liver/jrc_mus-liver.zarr","recon-1/em/fibsem-uint8","/home/wghong22/cellmap-segmentation-challenge/data/jrc_mus-liver/jrc_mus-liver.zarr","recon-1/labels/groundtruth/crop144/[cell,endo,ld,lyso,mito,mt,np,nuc,perox,ves,vim,pm,ecs,cyto,endo_mem,endo_lum,ld_mem,ld_lum,lyso_mem,lyso_lum,mito_mem,mito_lum,np_in,np_out,ne_mem,ne_lum,perox_mem,perox_lum,ves_mem,ves_lum]"
"train","/home/wghong22/cellmap-segmentation-challenge/data/jrc_mus-liver/jrc_mus-liver.zarr","recon-1/em/fibsem-uint8","/home/wghong22/cellmap-segmentation-challenge/data/jrc_mus-liver/jrc_mus-liver.zarr","recon-1/labels/groundtruth/crop135/[cell,endo,ld,lyso,mito,mt,np,nuc,perox,ves,vim,pm,ecs,cyto,endo_mem,endo_lum,ld_mem,ld_lum,lyso_mem,lyso_lum,mito_mem,mito_lum,np_in,np_out,ne_mem,ne_lum,perox_mem,perox_lum,ves_mem,ves_lum]"
"validate","/home/wghong22/cellmap-segmentation-challenge/data/jrc_mus-liver/jrc_mus-liver.zarr","recon-1/em/fibsem-uint8","/home/wghong22/cellmap-segmentation-challenge/data/jrc_mus-liver/jrc_mus-liver.zarr","recon-1/labels/groundtruth/crop132/[cell,endo,ld,lyso,mito,mt,np,nuc,perox,ves,vim,pm,ecs,cyto,endo_mem,endo_lum,ld_mem,ld_lum,lyso_mem,lyso_lum,mito_mem,mito_lum,np_in,np_out,ne_mem,ne_lum,perox_mem,perox_lum,ves_mem,ves_lum]"
"train","/home/wghong22/cellmap-segmentation-challenge/data/jrc_mus-liver/jrc_mus-liver.zarr","recon-1/em/fibsem-uint8","/home/wghong22/cellmap-segmentation-challenge/data/jrc_mus-liver/jrc_mus-liver.zarr","recon-1/labels/groundtruth/crop145/[cell,endo,ld,lyso,mito,mt,np,nuc,perox,ves,vim,pm,ecs,cyto,endo_mem,endo_lum,ld_mem,ld_lum,lyso_mem,lyso_lum,mito_mem,mito_lum,np_in,np_out,ne_mem,ne_lum,perox_mem,perox_lum,ves_mem,ves_lum]"
"train","/home/wghong22/cellmap-segmentation-challenge/data/jrc_mus-liver/jrc_mus-liver.zarr","recon-1/em/fibsem-uint8","/home/wghong22/cellmap-segmentation-challenge/data/jrc_mus-liver/jrc_mus-liver.zarr","recon-1/labels/groundtruth/crop136/[cell,endo,ld,lyso,mito,mt,np,nuc,perox,ves,vim,pm,ecs,cyto,endo_mem,endo_lum,ld_mem,ld_lum,lyso_mem,lyso_lum,mito_mem,mito_lum,np_in,np_out,ne_mem,ne_lum,perox_mem,perox_lum,ves_mem,ves_lum]"
"train","/home/wghong22/cellmap-segmentation-challenge/data/jrc_mus-liver/jrc_mus-liver.zarr","recon-1/em/fibsem-uint8","/home/wghong22/cellmap-segmentation-challenge/data/jrc_mus-liver/jrc_mus-liver.zarr","recon-1/labels/groundtruth/crop137/[cell,endo,ld,lyso,mito,mt,np,nuc,perox,ves,vim,pm,ecs,cyto,endo_mem,endo_lum,ld_mem,ld_lum,lyso_mem,lyso_lum,mito_mem,mito_lum,np_in,np_out,ne_mem,ne_lum,perox_mem,perox_lum,ves_mem,ves_lum]"
"train","/home/wghong22/cellmap-segmentation-challenge/data/jrc_mus-liver/jrc_mus-liver.zarr","recon-1/em/fibsem-uint8","/home/wghong22/cellmap-segmentation-challenge/data/jrc_mus-liver/jrc_mus-liver.zarr","recon-1/labels/groundtruth/crop150/[cell,endo,ld,lyso,mito,mt,np,nuc,perox,ves,vim,pm,ecs,cyto,endo_mem,endo_lum,ld_mem,ld_lum,lyso_mem,lyso_lum,mito_mem,mito_lum,np_in,np_out,ne_mem,ne_lum,perox_mem,perox_lum,ves_mem,ves_lum]"
"train","/home/wghong22/cellmap-segmentation-challenge/data/jrc_mus-liver/jrc_mus-liver.zarr","recon-1/em/fibsem-uint8","/home/wghong22/cellmap-segmentation-challenge/data/jrc_mus-liver/jrc_mus-liver.zarr","recon-1/labels/groundtruth/crop417/[cell,endo,ld,lyso,mito,mt,np,nuc,perox,ves,vim,pm,ecs,cyto,endo_mem,endo_lum,ld_mem,ld_lum,lyso_mem,lyso_lum,mito_mem,mito_lum,np_in,np_out,ne_mem,ne_lum,perox_mem,perox_lum,ves_mem,ves_lum]"
"validate","/home/wghong22/cellmap-segmentation-challenge/data/jrc_mus-liver/jrc_mus-liver.zarr","recon-1/em/fibsem-uint8","/home/wghong22/cellmap-segmentation-challenge/data/jrc_mus-liver/jrc_mus-liver.zarr","recon-1/labels/groundtruth/crop133/[cell,endo,ld,lyso,mito,mt,np,nuc,perox,ves,vim,pm,ecs,cyto,endo_mem,endo_lum,ld_mem,ld_lum,lyso_mem,lyso_lum,mito_mem,mito_lum,np_in,np_out,ne_mem,ne_lum,perox_mem,perox_lum,ves_mem,ves_lum]"
"train","/home/wghong22/cellmap-segmentation-challenge/data/jrc_mus-liver/jrc_mus-liver.zarr","recon-1/em/fibsem-uint8","/home/wghong22/cellmap-segmentation-challenge/data/jrc_mus-liver/jrc_mus-liver.zarr","recon-1/labels/groundtruth/crop143/[cell,endo,ld,lyso,mito,mt,np,nuc,perox,ves,vim,pm,ecs,cyto,endo_mem,endo_lum,ld_mem,ld_lum,lyso_mem,lyso_lum,mito_mem,mito_lum,np_in,np_out,ne_mem,ne_lum,perox_mem,perox_lum,ves_mem,ves_lum]"
"train","/home/wghong22/cellmap-segmentation-challenge/data/jrc_mus-liver/jrc_mus-liver.zarr","recon-1/em/fibsem-uint8","/home/wghong22/cellmap-segmentation-challenge/data/jrc_mus-liver/jrc_mus-liver.zarr","recon-1/labels/groundtruth/crop142/[cell,endo,ld,lyso,mito,mt,np,nuc,perox,ves,vim,pm,ecs,cyto,endo_mem,endo_lum,ld_mem,ld_lum,lyso_mem,lyso_lum,mito_mem,mito_lum,np_in,np_out,ne_mem,ne_lum,perox_mem,perox_lum,ves_mem,ves_lum]"
"train","/home/wghong22/cellmap-segmentation-challenge/data/jrc_mus-liver/jrc_mus-liver.zarr","recon-1/em/fibsem-uint8","/home/wghong22/cellmap-segmentation-challenge/data/jrc_mus-liver/jrc_mus-liver.zarr","recon-1/labels/groundtruth/crop172/[cell,endo,ld,lyso,mito,mt,np,nuc,perox,ves,vim,pm,ecs,cyto,endo_mem,endo_lum,ld_mem,ld_lum,lyso_mem,lyso_lum,mito_mem,mito_lum,np_in,np_out,ne_mem,ne_lum,perox_mem,perox_lum,ves_mem,ves_lum]"
"train","/home/wghong22/cellmap-segmentation-challenge/data/jrc_mus-liver/jrc_mus-liver.zarr","recon-1/em/fibsem-uint8","/home/wghong22/cellmap-segmentation-challenge/data/jrc_mus-liver/jrc_mus-liver.zarr","recon-1/labels/groundtruth/crop157/[cell,endo,ld,lyso,mito,mt,np,nuc,perox,ves,vim,pm,ecs,cyto,endo_mem,endo_lum,ld_mem,ld_lum,lyso_mem,lyso_lum,mito_mem,mito_lum,np_in,np_out,ne_mem,ne_lum,perox_mem,perox_lum,ves_mem,ves_lum]"
"train","/home/wghong22/cellmap-segmentation-challenge/data/jrc_mus-liver/jrc_mus-liver.zarr","recon-1/em/fibsem-uint8","/home/wghong22/cellmap-segmentation-challenge/data/jrc_mus-liver/jrc_mus-liver.zarr","recon-1/labels/groundtruth/crop183/[cell,endo,ld,lyso,mito,mt,np,nuc,perox,ves,vim,pm,ecs,cyto,endo_mem,endo_lum,ld_mem,ld_lum,lyso_mem,lyso_lum,mito_mem,mito_lum,np_in,np_out,ne_mem,ne_lum,perox_mem,perox_lum,ves_mem,ves_lum]"
"train","/home/wghong22/cellmap-segmentation-challenge/data/jrc_mus-liver/jrc_mus-liver.zarr","recon-1/em/fibsem-uint8","/home/wghong22/cellmap-segmentation-challenge/data/jrc_mus-liver/jrc_mus-liver.zarr","recon-1/labels/groundtruth/crop175/[cell,endo,ld,lyso,mito,mt,np,nuc,perox,ves,vim,pm,ecs,cyto,endo_mem,endo_lum,ld_mem,ld_lum,lyso_mem,lyso_lum,mito_mem,mito_lum,np_in,np_out,ne_mem,ne_lum,perox_mem,perox_lum,ves_mem,ves_lum]"
"train","/home/wghong22/cellmap-segmentation-challenge/data/jrc_mus-liver/jrc_mus-liver.zarr","recon-1/em/fibsem-uint8","/home/wghong22/cellmap-segmentation-challenge/data/jrc_mus-liver/jrc_mus-liver.zarr","recon-1/labels/groundtruth/crop125/[cell,endo,ld,lyso,mito,mt,np,nuc,perox,ves,vim,pm,ecs,cyto,endo_mem,endo_lum,ld_mem,ld_lum,lyso_mem,lyso_lum,mito_mem,mito_lum,np_in,np_out,ne_mem,ne_lum,perox_mem,perox_lum,ves_mem,ves_lum]"
"train","/home/wghong22/cellmap-segmentation-challenge/data/jrc_mus-liver/jrc_mus-liver.zarr","recon-1/em/fibsem-uint8","/home/wghong22/cellmap-segmentation-challenge/data/jrc_mus-liver/jrc_mus-liver.zarr","recon-1/labels/groundtruth/crop139/[cell,endo,ld,lyso,mito,mt,np,nuc,perox,ves,vim,pm,ecs,cyto,endo_mem,endo_lum,ld_mem,ld_lum,lyso_mem,lyso_lum,mito_mem,mito_lum,np_in,np_out,ne_mem,ne_lum,perox_mem,perox_lum,ves_mem,ves_lum]"
"train","/home/wghong22/cellmap-segmentation-challenge/data/jrc_mus-liver/jrc_mus-liver.zarr","recon-1/em/fibsem-uint8","/home/wghong22/cellmap-segmentation-challenge/data/jrc_mus-liver/jrc_mus-liver.zarr","recon-1/labels/groundtruth/crop416/[cell,endo,ld,lyso,mito,mt,np,nuc,perox,ves,vim,pm,ecs,cyto,endo_mem,endo_lum,ld_mem,ld_lum,lyso_mem,lyso_lum,mito_mem,mito_lum,np_in,np_out,ne_mem,ne_lum,perox_mem,perox_lum,ves_mem,ves_lum]"
